[03May2026 03:23:14.581] [main/INFO] [cpw.mods.modlauncher.Launcher/MODLAUNCHER]: ModLauncher running: args [--launchTarget, forgeserver, --fml.forgeVersion, 47.3.7, --fml.mcVersion, 1.20.1, --fml.forgeGroup, net.minecraftforge, --fml.mcpVersion, 20230612.114412, nogui]
[03May2026 03:23:14.586] [main/INFO] [cpw.mods.modlauncher.Launcher/MODLAUNCHER]: ModLauncher 10.0.9+10.0.9+main.dcd20f30 starting: java version 17.0.18 by Ubuntu; OS Linux arch amd64 version 6.8.0-1044-azure
[03May2026 03:23:15.561] [main/INFO] [net.minecraftforge.fml.loading.ImmediateWindowHandler/]: ImmediateWindowProvider not loading because launch target is forgeserver
[03May2026 03:23:15.567] [main/INFO] [com.teampotato.redirector.Redirector/]: Redirector CoreMod initialized successfully!
[03May2026 03:23:15.615] [main/INFO] [mixin/]: SpongePowered MIXIN Subsystem Version=0.8.5 Source=union:/workspaces/kirikis/servidor_minecraft/libraries/org/spongepowered/mixin/0.8.5/mixin-0.8.5.jar%2365!/ Service=ModLauncher Env=SERVER
[03May2026 03:23:15.901] [main/WARN] [net.minecraftforge.fml.loading.moddiscovery.ModFileParser/LOADING]: Mod file /workspaces/kirikis/servidor_minecraft/libraries/net/minecraftforge/fmlcore/1.20.1-47.3.7/fmlcore-1.20.1-47.3.7.jar is missing mods.toml file
[03May2026 03:23:15.903] [main/WARN] [net.minecraftforge.fml.loading.moddiscovery.ModFileParser/LOADING]: Mod file /workspaces/kirikis/servidor_minecraft/libraries/net/minecraftforge/javafmllanguage/1.20.1-47.3.7/javafmllanguage-1.20.1-47.3.7.jar is missing mods.toml file
[03May2026 03:23:15.904] [main/WARN] [net.minecraftforge.fml.loading.moddiscovery.ModFileParser/LOADING]: Mod file /workspaces/kirikis/servidor_minecraft/libraries/net/minecraftforge/lowcodelanguage/1.20.1-47.3.7/lowcodelanguage-1.20.1-47.3.7.jar is missing mods.toml file
[03May2026 03:23:15.906] [main/WARN] [net.minecraftforge.fml.loading.moddiscovery.ModFileParser/LOADING]: Mod file /workspaces/kirikis/servidor_minecraft/libraries/net/minecraftforge/mclanguage/1.20.1-47.3.7/mclanguage-1.20.1-47.3.7.jar is missing mods.toml file
[03May2026 03:23:16.098] [main/WARN] [net.minecraftforge.jarjar.selection.JarSelector/]: Attempted to select two dependency jars from JarJar which have the same identification: Mod File:  and Mod File: . Using Mod File: 
[03May2026 03:23:16.099] [main/INFO] [net.minecraftforge.fml.loading.moddiscovery.JarInJarDependencyLocator/]: Found 6 dependencies adding them to mods collection
[03May2026 03:23:18.261] [main/INFO] [mixin/]: Compatibility level set to JAVA_17
[03May2026 03:23:18.394] [main/INFO] [mixin/]: Successfully loaded Mixin Connector [ca.spottedleaf.starlight.mixin.MixinConnector]
[03May2026 03:23:18.395] [main/INFO] [cpw.mods.modlauncher.LaunchServiceHandler/MODLAUNCHER]: Launching target 'forgeserver' with arguments [nogui]
[03May2026 03:23:18.404] [main/WARN] [mixin/]: Reference map 'trashslot.refmap.json' for trashslot.mixins.json could not be read. If this is a development environment you can ignore this message
[03May2026 03:23:18.500] [main/INFO] [ModernFix/]: Loaded configuration file for ModernFix 5.26.2+mc1.20.1: 98 options available, 0 override(s) found
[03May2026 03:23:18.502] [main/INFO] [ModernFix/]: Applying Nashorn fix
[03May2026 03:23:18.517] [main/INFO] [ModernFix/]: Applied Forge config corruption patch
[03May2026 03:23:18.544] [main/INFO] [com.teampotato.redirector.Redirector/]: Redirecting com/llamalad7/mixinextras/service/MixinExtrasVersion
[03May2026 03:23:18.640] [main/INFO] [com.teampotato.redirector.Redirector/]: Redirecting malte0811/ferritecore/mixin/config/FerriteMixinConfig$LithiumSupportState
[03May2026 03:23:18.751] [main/INFO] [net.minecraftforge.coremod.CoreMod.placebo/COREMODLOG]: Patching IForgeItemStack#getEnchantmentLevel
[03May2026 03:23:18.787] [main/INFO] [net.minecraftforge.coremod.CoreMod.placebo/COREMODLOG]: Patching IForgeItemStack#getEnchantmentLevel
[03May2026 03:23:20.306] [main/INFO] [MixinExtras|Service/]: Initializing MixinExtras via com.llamalad7.mixinextras.service.MixinExtrasServiceImpl(version=0.4.1).
[03May2026 03:23:20.515] [main/INFO] [com.teampotato.redirector.Redirector/]: Redirecting net/minecraft/util/Unit
[03May2026 03:23:20.547] [main/INFO] [com.teampotato.redirector.Redirector/]: Redirecting net/minecraft/ChatFormatting
[03May2026 03:23:20.978] [main/INFO] [net.minecraft.server.Bootstrap/]: ModernFix reached bootstrap stage (8.682 s after launch)
[03May2026 03:23:21.081] [main/INFO] [com.teampotato.redirector.Redirector/]: Redirecting net/minecraft/Util$IdentityStrategy
[03May2026 03:23:21.106] [main/INFO] [com.teampotato.redirector.Redirector/]: Redirecting net/minecraft/core/Holder$Reference$Type
[03May2026 03:23:21.173] [main/WARN] [mixin/]: @Final field delegatesByName:Ljava/util/Map; in modernfix-modernfix.mixins.json:perf.forge_registry_alloc.ForgeRegistryMixin should be final
[03May2026 03:23:21.176] [main/WARN] [mixin/]: @Final field delegatesByValue:Ljava/util/Map; in modernfix-modernfix.mixins.json:perf.forge_registry_alloc.ForgeRegistryMixin should be final
[03May2026 03:23:21.323] [main/INFO] [ModernFix/]: Injecting BlockStateBase cache population hook into getOpacityIfCached from ca.spottedleaf.starlight.mixin.common.blockstate.BlockStateBaseMixin
[03May2026 03:23:21.331] [main/INFO] [ModernFix/]: Injecting BlockStateBase cache population hook into isConditionallyFullOpaque from ca.spottedleaf.starlight.mixin.common.blockstate.BlockStateBaseMixin
[03May2026 03:23:22.579] [main/INFO] [com.teampotato.redirector.Redirector/]: Redirecting net/minecraft/core/Direction
[03May2026 03:23:22.581] [main/INFO] [com.teampotato.redirector.Redirector/]: Redirecting net/minecraft/core/Direction$AxisDirection
[03May2026 03:23:22.582] [main/INFO] [com.teampotato.redirector.Redirector/]: Redirecting net/minecraft/core/Direction$Axis
[03May2026 03:23:22.681] [main/INFO] [com.teampotato.redirector.Redirector/]: Redirecting net/minecraft/core/Direction$Plane
[03May2026 03:23:22.683] [main/INFO] [com.teampotato.redirector.Redirector/]: Redirecting net/minecraft/core/FrontAndTop
[03May2026 03:23:22.693] [main/INFO] [com.teampotato.redirector.Redirector/]: Redirecting net/minecraft/world/level/block/state/properties/AttachFace
[03May2026 03:23:22.694] [main/INFO] [com.teampotato.redirector.Redirector/]: Redirecting net/minecraft/world/level/block/state/properties/BellAttachType
[03May2026 03:23:22.696] [main/INFO] [com.teampotato.redirector.Redirector/]: Redirecting net/minecraft/world/level/block/state/properties/WallSide
[03May2026 03:23:22.697] [main/INFO] [com.teampotato.redirector.Redirector/]: Redirecting net/minecraft/world/level/block/state/properties/RedstoneSide
[03May2026 03:23:22.698] [main/INFO] [com.teampotato.redirector.Redirector/]: Redirecting net/minecraft/world/level/block/state/properties/DoubleBlockHalf
[03May2026 03:23:22.698] [main/INFO] [com.teampotato.redirector.Redirector/]: Redirecting net/minecraft/world/level/block/state/properties/Half
[03May2026 03:23:22.699] [main/INFO] [com.teampotato.redirector.Redirector/]: Redirecting net/minecraft/world/level/block/state/properties/RailShape
[03May2026 03:23:22.702] [main/INFO] [com.teampotato.redirector.Redirector/]: Redirecting net/minecraft/world/level/block/state/properties/BedPart
[03May2026 03:23:22.704] [main/INFO] [com.teampotato.redirector.Redirector/]: Redirecting net/minecraft/world/level/block/state/properties/ChestType
[03May2026 03:23:22.705] [main/INFO] [com.teampotato.redirector.Redirector/]: Redirecting net/minecraft/world/level/block/state/properties/ComparatorMode
[03May2026 03:23:22.706] [main/INFO] [com.teampotato.redirector.Redirector/]: Redirecting net/minecraft/world/level/block/state/properties/DoorHingeSide
[03May2026 03:23:22.707] [main/INFO] [com.teampotato.redirector.Redirector/]: Redirecting net/minecraft/world/level/block/state/properties/NoteBlockInstrument
[03May2026 03:23:22.784] [main/INFO] [com.teampotato.redirector.Redirector/]: Redirecting net/minecraft/world/level/block/state/properties/NoteBlockInstrument$Type
[03May2026 03:23:22.786] [main/INFO] [com.teampotato.redirector.Redirector/]: Redirecting net/minecraft/world/level/block/state/properties/PistonType
[03May2026 03:23:22.787] [main/INFO] [com.teampotato.redirector.Redirector/]: Redirecting net/minecraft/world/level/block/state/properties/SlabType
[03May2026 03:23:22.788] [main/INFO] [com.teampotato.redirector.Redirector/]: Redirecting net/minecraft/world/level/block/state/properties/StairsShape
[03May2026 03:23:22.789] [main/INFO] [com.teampotato.redirector.Redirector/]: Redirecting net/minecraft/world/level/block/state/properties/StructureMode
[03May2026 03:23:22.791] [main/INFO] [com.teampotato.redirector.Redirector/]: Redirecting net/minecraft/world/level/block/state/properties/BambooLeaves
[03May2026 03:23:22.792] [main/INFO] [com.teampotato.redirector.Redirector/]: Redirecting net/minecraft/world/level/block/state/properties/Tilt
[03May2026 03:23:22.793] [main/INFO] [com.teampotato.redirector.Redirector/]: Redirecting net/minecraft/world/level/block/state/properties/DripstoneThickness
[03May2026 03:23:22.794] [main/INFO] [com.teampotato.redirector.Redirector/]: Redirecting net/minecraft/world/level/block/state/properties/SculkSensorPhase
[03May2026 03:23:23.130] [main/INFO] [com.teampotato.redirector.Redirector/]: Redirecting net/minecraft/world/level/material/PushReaction
[03May2026 03:23:23.223] [main/INFO] [com.teampotato.redirector.Redirector/]: Redirecting net/minecraft/world/level/block/state/BlockBehaviour$OffsetType
[03May2026 03:23:23.224] [main/INFO] [com.teampotato.redirector.Redirector/]: Redirecting net/minecraft/world/level/pathfinder/PathComputationType
[03May2026 03:23:23.231] [main/INFO] [net.minecraft.server.Bootstrap/]: Vanilla bootstrap took 2248 milliseconds
[03May2026 03:23:23.283] [main/INFO] [com.teampotato.redirector.Redirector/]: Redirecting net/minecraftforge/network/NetworkDirection
[03May2026 03:23:23.333] [main/INFO] [com.teampotato.redirector.Redirector/]: Redirecting net/minecraft/world/item/DyeColor
[03May2026 03:23:23.336] [main/INFO] [com.teampotato.redirector.Redirector/]: Redirecting net/minecraft/util/ByIdMap$OutOfBoundsStrategy
[03May2026 03:23:23.492] [main/INFO] [com.teampotato.redirector.Redirector/]: Redirecting net/minecraft/world/effect/MobEffectCategory
[03May2026 03:23:23.495] [main/INFO] [com.teampotato.redirector.Redirector/]: Redirecting net/minecraft/world/entity/ai/attributes/AttributeModifier$Operation
[03May2026 03:23:23.684] [main/INFO] [com.teampotato.redirector.Redirector/]: Redirecting net/minecraft/world/level/block/PressurePlateBlock$Sensitivity
[03May2026 03:23:23.785] [main/INFO] [com.teampotato.redirector.Redirector/]: Redirecting net/minecraft/world/level/block/MultifaceSpreader$SpreadType
[03May2026 03:23:23.804] [main/INFO] [com.teampotato.redirector.Redirector/]: Redirecting net/minecraft/world/InteractionHand
[03May2026 03:23:23.818] [main/INFO] [net.minecraftforge.coremod.CoreMod.placebo/COREMODLOG]: Patching IForgeItemStack#getEnchantmentLevel
[03May2026 03:23:23.819] [main/INFO] [net.minecraftforge.coremod.CoreMod.placebo/COREMODLOG]: Patching IForgeItemStack#getEnchantmentLevel
[03May2026 03:23:23.836] [main/INFO] [net.minecraftforge.coremod.CoreMod.placebo/COREMODLOG]: Patching IForgeItemStack#getEnchantmentLevel
[03May2026 03:23:23.836] [main/INFO] [net.minecraftforge.coremod.CoreMod.placebo/COREMODLOG]: Patching IForgeItemStack#getEnchantmentLevel
[03May2026 03:23:23.840] [main/INFO] [com.teampotato.redirector.Redirector/]: Redirecting net/minecraft/world/InteractionResult
[03May2026 03:23:23.842] [main/INFO] [com.teampotato.redirector.Redirector/]: Redirecting net/minecraft/world/level/biome/Biome$Precipitation
[03May2026 03:23:23.894] [main/INFO] [com.teampotato.redirector.Redirector/]: Redirecting net/minecraft/world/level/block/SkullBlock$Types
[03May2026 03:23:24.127] [main/INFO] [com.teampotato.redirector.Redirector/]: Redirecting net/minecraft/world/level/block/WeatheringCopper$WeatherState
[03May2026 03:23:24.284] [main/INFO] [com.teampotato.redirector.Redirector/]: Redirecting net/minecraft/world/item/Rarity
[03May2026 03:23:24.363] [main/INFO] [com.teampotato.redirector.Redirector/]: Redirecting net/minecraft/world/entity/vehicle/AbstractMinecart$Type
[03May2026 03:23:24.405] [main/INFO] [com.teampotato.redirector.Redirector/]: Redirecting net/minecraft/world/entity/MobCategory
[03May2026 03:23:24.638] [main/INFO] [com.teampotato.redirector.Redirector/]: Redirecting net/minecraft/world/entity/ai/goal/Goal$Flag
[03May2026 03:23:24.848] [main/INFO] [com.teampotato.redirector.Redirector/]: Redirecting net/minecraft/world/entity/Pose
[03May2026 03:23:24.849] [main/INFO] [com.teampotato.redirector.Redirector/]: Redirecting net/minecraft/world/entity/animal/sniffer/Sniffer$State
[03May2026 03:23:25.033] [main/INFO] [com.teampotato.redirector.Redirector/]: Redirecting net/minecraft/world/item/ArmorItem$Type
[03May2026 03:23:25.034] [main/INFO] [com.teampotato.redirector.Redirector/]: Redirecting net/minecraft/world/entity/EquipmentSlot
[03May2026 03:23:25.034] [main/INFO] [com.teampotato.redirector.Redirector/]: Redirecting net/minecraft/world/entity/EquipmentSlot$Type
[03May2026 03:23:25.037] [main/INFO] [com.teampotato.redirector.Redirector/]: Redirecting net/minecraft/world/entity/vehicle/Boat$Type
[03May2026 03:23:25.039] [main/INFO] [com.teampotato.redirector.Redirector/]: Redirecting net/minecraft/world/item/ArmorMaterials
[03May2026 03:23:25.070] [main/INFO] [com.teampotato.redirector.Redirector/]: Redirecting net/minecraft/world/item/Tiers
[03May2026 03:23:25.105] [main/INFO] [com.teampotato.redirector.Redirector/]: Redirecting net/minecraft/network/protocol/game/ClientboundPlayerInfoUpdatePacket$Action
[03May2026 03:23:25.154] [main/INFO] [com.teampotato.redirector.Redirector/]: Redirecting net/minecraft/world/item/enchantment/Enchantment$Rarity
[03May2026 03:23:25.155] [main/INFO] [com.teampotato.redirector.Redirector/]: Redirecting net/minecraft/world/item/enchantment/ProtectionEnchantment$Type
[03May2026 03:23:25.156] [main/INFO] [com.teampotato.redirector.Redirector/]: Redirecting net/minecraft/world/item/enchantment/EnchantmentCategory
[03May2026 03:23:25.184] [main/INFO] [com.teampotato.redirector.Redirector/]: Redirecting net/minecraft/world/scores/criteria/ObjectiveCriteria$RenderType
[03May2026 03:23:25.186] [main/INFO] [com.teampotato.redirector.Redirector/]: Redirecting net/minecraft/world/level/levelgen/Heightmap$Types
[03May2026 03:23:25.213] [main/INFO] [com.teampotato.redirector.Redirector/]: Redirecting net/minecraft/world/level/levelgen/Heightmap$Usage
[03May2026 03:23:25.221] [main/INFO] [com.teampotato.redirector.Redirector/]: Redirecting net/minecraft/world/level/chunk/ChunkStatus$ChunkType
[03May2026 03:23:25.267] [main/INFO] [com.teampotato.redirector.Redirector/]: Redirecting net/minecraft/world/item/crafting/CraftingBookCategory
[03May2026 03:23:25.280] [main/INFO] [com.teampotato.redirector.Redirector/]: Redirecting net/minecraft/world/item/crafting/CookingBookCategory
[03May2026 03:23:25.426] [main/INFO] [com.teampotato.redirector.Redirector/]: Redirecting net/minecraft/core/Holder$Kind
[03May2026 03:23:25.514] [main/INFO] [com.teampotato.redirector.Redirector/]: Redirecting net/minecraft/world/level/levelgen/placement/CaveSurface
[03May2026 03:23:25.563] [main/INFO] [com.teampotato.redirector.Redirector/]: Redirecting net/minecraft/world/level/levelgen/structure/placement/StructurePlacement$FrequencyReductionMethod
[03May2026 03:23:25.573] [main/INFO] [com.teampotato.redirector.Redirector/]: Redirecting net/minecraft/world/level/levelgen/structure/placement/RandomSpreadType
[03May2026 03:23:25.627] [main/WARN] [mixin/]: Mixin alexscaves.mixins.json:SwampHutPieceMixin has multiple constructors, (Lnet/minecraft/world/level/levelgen/structure/pieces/StructurePieceType;IIIIIILnet/minecraft/core/Direction;)V was selected

[03May2026 03:23:25.663] [main/INFO] [com.teampotato.redirector.Redirector/]: Redirecting net/minecraft/world/level/levelgen/structure/StructureSpawnOverride$BoundingBoxType
[03May2026 03:23:25.667] [main/INFO] [com.teampotato.redirector.Redirector/]: Redirecting net/minecraft/world/level/levelgen/GenerationStep$Decoration
[03May2026 03:23:25.669] [main/INFO] [com.teampotato.redirector.Redirector/]: Redirecting net/minecraft/world/level/levelgen/structure/TerrainAdjustment
[03May2026 03:23:25.687] [main/INFO] [com.teampotato.redirector.Redirector/]: Redirecting net/minecraft/world/level/levelgen/structure/structures/MineshaftStructure$Type
[03May2026 03:23:25.691] [main/INFO] [com.teampotato.redirector.Redirector/]: Redirecting net/minecraft/world/level/levelgen/structure/structures/OceanRuinStructure$Type
[03May2026 03:23:25.695] [main/INFO] [com.teampotato.redirector.Redirector/]: Redirecting net/minecraft/world/level/levelgen/structure/structures/RuinedPortalPiece$VerticalPlacement
[03May2026 03:23:25.713] [main/INFO] [com.teampotato.redirector.Redirector/]: Redirecting net/minecraft/world/level/levelgen/GenerationStep$Carving
[03May2026 03:23:25.761] [main/WARN] [mixin/]: Static binding violation: PRIVATE @Overwrite method m_47505_ in modernfix-modernfix.mixins.json:perf.remove_biome_temperature_cache.BiomeMixin cannot reduce visibiliy of PUBLIC target method, visibility will be upgraded.
[03May2026 03:23:25.770] [main/INFO] [com.teampotato.redirector.Redirector/]: Redirecting net/minecraft/world/level/biome/Biome$TemperatureModifier
[03May2026 03:23:25.773] [main/INFO] [com.teampotato.redirector.Redirector/]: Redirecting net/minecraft/world/level/biome/BiomeSpecialEffects$GrassColorModifier
[03May2026 03:23:25.848] [main/INFO] [com.teampotato.redirector.Redirector/]: Redirecting net/minecraft/world/level/levelgen/SurfaceRules$Temperature
[03May2026 03:23:25.849] [main/INFO] [com.teampotato.redirector.Redirector/]: Redirecting net/minecraft/world/level/levelgen/SurfaceRules$Steep
[03May2026 03:23:25.850] [main/INFO] [com.teampotato.redirector.Redirector/]: Redirecting net/minecraft/world/level/levelgen/SurfaceRules$Hole
[03May2026 03:23:25.851] [main/INFO] [com.teampotato.redirector.Redirector/]: Redirecting net/minecraft/world/level/levelgen/SurfaceRules$AbovePreliminarySurface
[03May2026 03:23:25.852] [main/INFO] [com.teampotato.redirector.Redirector/]: Redirecting net/minecraft/world/level/levelgen/SurfaceRules$Bandlands
[03May2026 03:23:25.856] [main/INFO] [com.teampotato.redirector.Redirector/]: Redirecting net/minecraft/world/level/levelgen/DensityFunctions$BlendAlpha
[03May2026 03:23:25.857] [main/INFO] [com.teampotato.redirector.Redirector/]: Redirecting net/minecraft/world/level/levelgen/DensityFunctions$BlendOffset
[03May2026 03:23:25.857] [main/INFO] [com.teampotato.redirector.Redirector/]: Redirecting net/minecraft/world/level/levelgen/DensityFunctions$BeardifierMarker
[03May2026 03:23:25.860] [main/INFO] [com.teampotato.redirector.Redirector/]: Redirecting net/minecraft/world/level/levelgen/DensityFunctions$Marker$Type
[03May2026 03:23:25.866] [main/INFO] [com.teampotato.redirector.Redirector/]: Redirecting net/minecraft/world/level/levelgen/DensityFunctions$WeirdScaledSampler$RarityValueMapper
[03May2026 03:23:25.877] [main/INFO] [com.teampotato.redirector.Redirector/]: Redirecting net/minecraft/world/level/levelgen/DensityFunctions$Mapped$Type
[03May2026 03:23:25.878] [main/INFO] [com.teampotato.redirector.Redirector/]: Redirecting net/minecraft/world/level/levelgen/DensityFunctions$TwoArgumentSimpleFunction$Type
[03May2026 03:23:25.891] [main/INFO] [com.teampotato.redirector.Redirector/]: Redirecting net/minecraft/world/level/levelgen/structure/pools/StructureTemplatePool$Projection
[03May2026 03:23:25.898] [main/INFO] [com.teampotato.redirector.Redirector/]: Redirecting net/minecraft/world/item/CreativeModeTab$Row
[03May2026 03:23:25.900] [main/INFO] [com.teampotato.redirector.Redirector/]: Redirecting net/minecraft/world/item/CreativeModeTab$Type
[03May2026 03:23:26.140] [modloading-worker-0/INFO] [com.teampotato.redirector.Redirector/]: Redirecting net/p3pp3rf1y/sophisticatedcore/client/gui/SortButtonsPosition
[03May2026 03:23:26.151] [modloading-worker-0/INFO] [com.teampotato.redirector.Redirector/]: Redirecting net/blay09/mods/balm/api/BalmEnvironment
[03May2026 03:23:26.157] [modloading-worker-0/INFO] [com.teampotato.redirector.Redirector/]: Redirecting net/minecraftforge/common/world/BiomeModifier$Phase
[03May2026 03:23:26.166] [modloading-worker-0/INFO] [com.teampotato.redirector.Redirector/]: Redirecting net/minecraft/commands/Commands$CommandSelection
[03May2026 03:23:26.182] [modloading-worker-0/INFO] [com.teampotato.redirector.Redirector/]: Redirecting net/minecraftforge/event/TickEvent$Phase
[03May2026 03:23:26.183] [modloading-worker-0/INFO] [com.teampotato.redirector.Redirector/]: Redirecting net/minecraftforge/event/TickEvent$Type
[03May2026 03:23:26.218] [modloading-worker-0/INFO] [com.teampotato.redirector.Redirector/]: Redirecting net/blay09/mods/balm/api/event/TickPhase
[03May2026 03:23:26.227] [modloading-worker-0/INFO] [com.teampotato.redirector.Redirector/]: Redirecting net/blay09/mods/balm/api/event/EventPriority
[03May2026 03:23:26.242] [modloading-worker-0/INFO] [com.teampotato.redirector.Redirector/]: Redirecting com/illusivesoulworks/spectrelib/config/SpectreConfig$Type
[03May2026 03:23:26.257] [modloading-worker-0/INFO] [com.teampotato.redirector.Redirector/]: Redirecting com/illusivesoulworks/comforts/common/ComfortsConfig$ComfortsTimeUse
[03May2026 03:23:26.277] [modloading-worker-0/INFO] [com.teampotato.redirector.Redirector/]: Redirecting com/illusivesoulworks/spectrelib/config/SpectreConfig$InstanceType
[03May2026 03:23:26.304] [modloading-worker-0/INFO] [net.blay09.mods.balm.forge.config.ForgeBalmConfig/]: Registering config for trashslot:common (COMMON) with 5 properties.
[03May2026 03:23:26.335] [modloading-worker-0/INFO] [STDOUT/]: [com.tiviacz.travelersbackpack.TravelersBackpack:readOldCommonConfig:180]: curiosIntegration not found in the [common.backpackSettings] section.
[03May2026 03:23:26.426] [modloading-worker-0/INFO] [com.teampotato.redirector.Redirector/]: Redirecting dev/architectury/networking/NetworkManager$Side
[03May2026 03:23:26.430] [modloading-worker-0/INFO] [dev.architectury.networking.forge.NetworkManagerImpl/]: Registering C2S receiver with id architectury:sync_ids
[03May2026 03:23:26.433] [modloading-worker-0/INFO] [dev.architectury.networking.forge.NetworkManagerImpl/]: Registering C2S receiver with id artifacts:networking_channel/42a7ad70b1cc371599a0eff744096b8a
[03May2026 03:23:26.434] [modloading-worker-0/INFO] [com.teampotato.redirector.Redirector/]: Redirecting dev/architectury/utils/Env
[03May2026 03:23:26.438] [modloading-worker-0/INFO] [dev.architectury.networking.forge.NetworkManagerImpl/]: Registering C2S receiver with id artifacts:networking_channel/74a5e841822a3a87854ae896a33430d6
[03May2026 03:23:26.439] [modloading-worker-0/INFO] [dev.architectury.networking.forge.NetworkManagerImpl/]: Registering C2S receiver with id artifacts:networking_channel/eb3d1e2748533430848cadf0f37c7e9c
[03May2026 03:23:26.440] [modloading-worker-0/INFO] [dev.architectury.networking.forge.NetworkManagerImpl/]: Registering C2S receiver with id artifacts:networking_channel/91c8520f19f93b3e8b6a727568e194ab
[03May2026 03:23:26.441] [modloading-worker-0/INFO] [dev.architectury.networking.forge.NetworkManagerImpl/]: Registering C2S receiver with id artifacts:networking_channel/8c2784d778293fd482ed84b8aa5fedb9
[03May2026 03:23:26.442] [modloading-worker-0/INFO] [dev.architectury.networking.forge.NetworkManagerImpl/]: Registering C2S receiver with id artifacts:networking_channel/ea038224ea783d40b2863f52239e2604
[03May2026 03:23:26.443] [modloading-worker-0/INFO] [dev.architectury.networking.forge.NetworkManagerImpl/]: Registering C2S receiver with id artifacts:networking_channel/97ad64b7ecaf33209991c4f031501a58
[03May2026 03:23:26.529] [modloading-worker-0/INFO] [com.teampotato.redirector.Redirector/]: Redirecting sereneseasons/api/season/Season$SubSeason
[03May2026 03:23:26.530] [modloading-worker-0/INFO] [com.teampotato.redirector.Redirector/]: Redirecting sereneseasons/api/season/Season
[03May2026 03:23:26.561] [modloading-worker-0/INFO] [com.teampotato.redirector.Redirector/]: Redirecting net/minecraftforge/common/capabilities/CapabilityManager
[03May2026 03:23:26.585] [modloading-worker-0/INFO] [com.teampotato.redirector.Redirector/]: Redirecting net/minecraft/world/level/ClipContext$Fluid
[03May2026 03:23:26.592] [modloading-worker-0/INFO] [com.teampotato.redirector.Redirector/]: Redirecting net/minecraft/world/entity/MobSpawnType
[03May2026 03:23:26.606] [modloading-worker-0/INFO] [com.teampotato.redirector.Redirector/]: Redirecting net/minecraft/world/level/GameRules$Category
[03May2026 03:23:26.656] [modloading-worker-0/INFO] [com.teampotato.redirector.Redirector/]: Redirecting net/p3pp3rf1y/sophisticatedcore/upgrades/jukebox/RepeatMode
[03May2026 03:23:26.679] [modloading-worker-0/INFO] [com.teampotato.redirector.Redirector/]: Redirecting tschipp/carryon/config/PropertyType
[03May2026 03:23:26.715] [modloading-worker-0/INFO] [com.teampotato.redirector.Redirector/]: Redirecting net/p3pp3rf1y/sophisticatedcore/upgrades/feeding/HungerLevel
[03May2026 03:23:26.724] [modloading-worker-0/INFO] [com.teampotato.redirector.Redirector/]: Redirecting net/p3pp3rf1y/sophisticatedcore/upgrades/voiding/VoidType
[03May2026 03:23:26.731] [modloading-worker-0/INFO] [com.teampotato.redirector.Redirector/]: Redirecting net/p3pp3rf1y/sophisticatedbackpacks/upgrades/refill/RefillUpgradeWrapper$TargetSlot
[03May2026 03:23:26.747] [modloading-worker-0/INFO] [com.teampotato.redirector.Redirector/]: Redirecting net/p3pp3rf1y/sophisticatedbackpacks/upgrades/inception/InventoryOrder
[03May2026 03:23:26.750] [modloading-worker-0/INFO] [com.teampotato.redirector.Redirector/]: Redirecting com/github/alexthe666/iceandfire/enums/EnumDragonArmor
[03May2026 03:23:26.752] [modloading-worker-0/INFO] [com.teampotato.redirector.Redirector/]: Redirecting net/p3pp3rf1y/sophisticatedbackpacks/upgrades/toolswapper/ToolSwapMode
[03May2026 03:23:26.756] [modloading-worker-0/INFO] [com.teampotato.redirector.Redirector/]: Redirecting com/github/alexthe666/iceandfire/enums/EnumDragonEgg
[03May2026 03:23:26.758] [modloading-worker-0/INFO] [net.minecraftforge.common.ForgeMod/FORGEMOD]: Forge mod loading, version 47.3.7, for MC 1.20.1 with MCP 20230612.114412
[03May2026 03:23:26.758] [modloading-worker-0/INFO] [net.minecraftforge.common.MinecraftForge/FORGE]: MinecraftForge v47.3.7 Initialized
[03May2026 03:23:26.762] [modloading-worker-0/INFO] [com.teampotato.redirector.Redirector/]: Redirecting com/github/alexthe666/iceandfire/enums/EnumSeaSerpent
[03May2026 03:23:26.774] [modloading-worker-0/INFO] [com.teampotato.redirector.Redirector/]: Redirecting net/p3pp3rf1y/sophisticatedcore/upgrades/xppump/AutomationDirection
[03May2026 03:23:26.780] [modloading-worker-0/INFO] [com.teampotato.redirector.Redirector/]: Redirecting net/p3pp3rf1y/sophisticatedcore/upgrades/alchemy/AlchemyCondition
[03May2026 03:23:26.784] [modloading-worker-0/INFO] [com.teampotato.redirector.Redirector/]: Redirecting net/p3pp3rf1y/sophisticatedcore/upgrades/EntityMatch
[03May2026 03:23:26.795] [modloading-worker-0/INFO] [com.teampotato.redirector.Redirector/]: Redirecting net/minecraft/world/item/ItemDisplayContext
[03May2026 03:23:26.866] [modloading-worker-0/INFO] [com.teampotato.redirector.Redirector/]: Redirecting net/minecraftforge/event/entity/player/PlayerInteractEvent$LeftClickBlock$Action
[03May2026 03:23:26.891] [modloading-worker-0/INFO] [com.teampotato.redirector.Redirector/]: Redirecting com/github/alexthe666/iceandfire/enums/EnumSkullType
[03May2026 03:23:26.895] [modloading-worker-0/INFO] [com.teampotato.redirector.Redirector/]: Redirecting com/github/alexthe666/iceandfire/enums/EnumTroll
[03May2026 03:23:26.902] [modloading-worker-0/INFO] [com.teampotato.redirector.Redirector/]: Redirecting com/github/alexthe666/iceandfire/enums/EnumTroll$Weapon
[03May2026 03:23:27.230] [modloading-worker-0/INFO] [com.teampotato.redirector.Redirector/]: Redirecting team/creative/creativecore/common/config/sync/ConfigSynchronization
[03May2026 03:23:27.236] [modloading-worker-0/INFO] [com.teampotato.redirector.Redirector/]: Redirecting team/creative/creativecore/Side
[03May2026 03:23:27.246] [modloading-worker-0/INFO] [com.teampotato.redirector.Redirector/]: Redirecting net/minecraft/world/level/GameType
[03May2026 03:23:27.254] [modloading-worker-0/INFO] [com.teampotato.redirector.Redirector/]: Redirecting com/blackgear/platform/core/network/base/NetworkDirection
[03May2026 03:23:27.264] [modloading-worker-0/INFO] [com.teampotato.redirector.Redirector/]: Redirecting com/blackgear/platform/core/util/config/ModConfig$Type
[03May2026 03:23:27.291] [modloading-worker-0/INFO] [com.teampotato.redirector.Redirector/]: Redirecting net/minecraft/world/Difficulty
[03May2026 03:23:27.368] [modloading-worker-0/INFO] [com.teampotato.redirector.Redirector/]: Redirecting top/theillusivec4/curios/client/CuriosClientConfig$Client$ButtonCorner
[03May2026 03:23:27.374] [modloading-worker-0/INFO] [com.teampotato.redirector.Redirector/]: Redirecting top/theillusivec4/curios/common/CuriosConfig$KeepCurios
[03May2026 03:23:27.384] [modloading-worker-0/INFO] [com.teampotato.redirector.Redirector/]: Redirecting ovh/corail/tombstone/config/ConfigTombstone$Client$FogDensity
[03May2026 03:23:27.387] [modloading-worker-0/INFO] [com.teampotato.redirector.Redirector/]: Redirecting ovh/corail/tombstone/block/GraveModel
[03May2026 03:23:27.391] [modloading-worker-0/INFO] [com.teampotato.redirector.Redirector/]: Redirecting ovh/corail/tombstone/block/BlockGraveMarble$MarbleType
[03May2026 03:23:27.392] [modloading-worker-0/INFO] [com.teampotato.redirector.Redirector/]: Redirecting ovh/corail/tombstone/config/ConfigTombstone$Client$GraveSkinRule
[03May2026 03:23:27.398] [modloading-worker-0/INFO] [com.teampotato.redirector.Redirector/]: Redirecting ovh/corail/tombstone/config/ConfigTombstone$Client$AutoEquipRule
[03May2026 03:23:27.398] [modloading-worker-0/INFO] [com.teampotato.redirector.Redirector/]: Redirecting ovh/corail/tombstone/config/ConfigTombstone$Client$MarkerType
[03May2026 03:23:27.401] [modloading-worker-0/INFO] [com.teampotato.redirector.Redirector/]: Redirecting ovh/corail/tombstone/config/ConfigTombstone$Client$FontRule
[03May2026 03:23:27.424] [modloading-worker-0/INFO] [com.teampotato.redirector.Redirector/]: Redirecting ovh/corail/tombstone/helper/TimeHelper$SpecialEvent
[03May2026 03:23:27.466] [modloading-worker-0/INFO] [com.teampotato.redirector.Redirector/]: Redirecting com/github/alexthe666/iceandfire/enums/EnumParticles
[03May2026 03:23:27.468] [modloading-worker-0/INFO] [com.teampotato.redirector.Redirector/]: Redirecting ovh/corail/tombstone/helper/LootHelper$ReadableScrollType
[03May2026 03:23:27.474] [modloading-worker-0/INFO] [com.teampotato.redirector.Redirector/]: Redirecting ovh/corail/tombstone/helper/UpdaterHandler$PoolType
[03May2026 03:23:27.491] [modloading-worker-0/INFO] [com.cupboard.Cupboard/]: Loaded config for: cupboard.json
[03May2026 03:23:27.494] [modloading-worker-0/INFO] [com.teampotato.redirector.Redirector/]: Redirecting net/minecraft/server/packs/PackType
[03May2026 03:23:27.504] [modloading-worker-0/INFO] [be.florens.expandability.ExpandAbility/]: ExpandAbility here, who dis?
[03May2026 03:23:27.512] [modloading-worker-0/INFO] [com.teampotato.redirector.Redirector/]: Redirecting fr/rakambda/fallingtree/common/config/enums/BreakMode
[03May2026 03:23:27.513] [modloading-worker-0/INFO] [com.teampotato.redirector.Redirector/]: Redirecting fr/rakambda/fallingtree/common/config/enums/DetectionMode
[03May2026 03:23:27.514] [modloading-worker-0/INFO] [com.teampotato.redirector.Redirector/]: Redirecting fr/rakambda/fallingtree/common/config/enums/MaxSizeAction
[03May2026 03:23:27.517] [modloading-worker-0/INFO] [com.teampotato.redirector.Redirector/]: Redirecting fr/rakambda/fallingtree/common/config/enums/BreakOrder
[03May2026 03:23:27.519] [modloading-worker-0/INFO] [com.teampotato.redirector.Redirector/]: Redirecting fr/rakambda/fallingtree/common/config/enums/AdjacentStopMode
[03May2026 03:23:27.520] [modloading-worker-0/INFO] [com.teampotato.redirector.Redirector/]: Redirecting fr/rakambda/fallingtree/common/config/enums/DamageRounding
[03May2026 03:23:27.522] [modloading-worker-0/INFO] [com.teampotato.redirector.Redirector/]: Redirecting fr/rakambda/fallingtree/common/config/enums/SneakMode
[03May2026 03:23:27.524] [modloading-worker-0/INFO] [com.teampotato.redirector.Redirector/]: Redirecting fr/rakambda/fallingtree/common/config/enums/NotificationMode
[03May2026 03:23:27.538] [modloading-worker-0/INFO] [com.teampotato.redirector.Redirector/]: Redirecting fr/rakambda/fallingtree/common/wrapper/DirectionCompat
[03May2026 03:23:27.743] [main/INFO] [com.teampotato.redirector.Redirector/]: Redirecting net/minecraft/network/chat/ChatTypeDecoration$Parameter
[03May2026 03:23:27.751] [main/INFO] [com.teampotato.redirector.Redirector/]: Redirecting net/minecraft/world/damagesource/DamageScaling
[03May2026 03:23:27.752] [main/INFO] [com.teampotato.redirector.Redirector/]: Redirecting net/minecraft/world/damagesource/DamageEffects
[03May2026 03:23:27.753] [main/INFO] [com.teampotato.redirector.Redirector/]: Redirecting net/minecraft/world/damagesource/DeathMessageType
[03May2026 03:23:28.614] [main/INFO] [com.teampotato.redirector.Redirector/]: Redirecting com/illusivesoulworks/comforts/common/block/BaseComfortsBlock$BedType
[03May2026 03:23:28.673] [main/INFO] [com.teampotato.redirector.Redirector/]: Redirecting net/xanthian/variantvanillablocks/block/custom/VariantChests
[03May2026 03:23:28.814] [main/INFO] [com.teampotato.redirector.Redirector/]: Redirecting com/github/alexmodguy/alexscaves/server/block/TubeWormBlock$TubeShape
[03May2026 03:23:28.843] [main/INFO] [com.teampotato.redirector.Redirector/]: Redirecting com/github/alexmodguy/alexscaves/server/misc/VoronoiGenerator$DistanceType
[03May2026 03:23:28.869] [main/INFO] [com.teampotato.redirector.Redirector/]: Redirecting com/TheRevamper/RevampedPiles/util/RPChests
[03May2026 03:23:28.914] [main/INFO] [com.teampotato.redirector.Redirector/]: Redirecting com/starfish_studios/another_furniture/block/properties/HorizontalConnectionType
[03May2026 03:23:28.915] [main/INFO] [com.teampotato.redirector.Redirector/]: Redirecting com/starfish_studios/another_furniture/block/properties/VerticalConnectionType
[03May2026 03:23:28.916] [main/INFO] [com.teampotato.redirector.Redirector/]: Redirecting com/starfish_studios/another_furniture/block/properties/SofaType
[03May2026 03:23:29.017] [main/INFO] [com.teampotato.redirector.Redirector/]: Redirecting com/github/teamfusion/rottencreatures/common/level/blocks/SkullTypes
[03May2026 03:23:29.027] [main/INFO] [com.teampotato.redirector.Redirector/]: Redirecting ovh/corail/tombstone/block/SoulType
[03May2026 03:23:29.070] [main/INFO] [com.teampotato.redirector.Redirector/]: Redirecting com/github/alexthe666/alexsmobs/item/ItemEcholocator$EchoType
[03May2026 03:23:29.084] [main/INFO] [com.teampotato.redirector.Redirector/]: Redirecting com/tiviacz/travelersbackpack/items/upgrades/TierUpgrade$Upgrade
[03May2026 03:23:29.105] [main/INFO] [com.teampotato.redirector.Redirector/]: Redirecting net/p3pp3rf1y/sophisticatedcore/upgrades/filter/Direction
[03May2026 03:23:29.123] [main/INFO] [com.teampotato.redirector.Redirector/]: Redirecting com/github/alexthe666/iceandfire/item/ItemDragonArmor$DragonArmorType
[03May2026 03:23:29.147] [main/INFO] [com.teampotato.redirector.Redirector/]: Redirecting com/github/alexmodguy/alexscaves/server/entity/util/AlexsCavesBoat$Type
[03May2026 03:23:29.162] [main/INFO] [com.teampotato.redirector.Redirector/]: Redirecting com/github/alexmodguy/alexscaves/server/entity/util/GummyColors
[03May2026 03:23:29.180] [main/INFO] [com.teampotato.redirector.Redirector/]: Redirecting ovh/corail/tombstone/item/ItemAdvancement$IconType
[03May2026 03:23:29.181] [main/INFO] [com.teampotato.redirector.Redirector/]: Redirecting ovh/corail/tombstone/item/ItemScrollBuff$SpellBuff
[03May2026 03:23:29.264] [main/INFO] [com.teampotato.redirector.Redirector/]: Redirecting ovh/corail/tombstone/registry/ModTriggers$WololoColor
[03May2026 03:23:29.862] [main/INFO] [ModernFix/]: Bypassed Mojang DFU
[03May2026 03:23:29.862] [main/INFO] [ModernFix/]: Instantiating Mojang DFU
[03May2026 03:23:30.439] [main/INFO] [com.teampotato.redirector.Redirector/]: Redirecting ovh/corail/tombstone/helper/LangKey
[03May2026 03:23:30.455] [main/INFO] [com.teampotato.redirector.Redirector/]: Redirecting net/minecraft/world/level/pathfinder/BlockPathTypes
[03May2026 03:23:30.475] [main/INFO] [com.teampotato.redirector.Redirector/]: Redirecting ovh/corail/tombstone/perk/PerkBranch
[03May2026 03:23:30.501] [main/INFO] [com.teampotato.redirector.Redirector/]: Redirecting net/minecraft/world/entity/SpawnPlacements$Type
[03May2026 03:23:30.561] [main/INFO] [com.teampotato.redirector.Redirector/]: Redirecting com/github/alexmodguy/alexscaves/server/entity/util/MagnetronJoint
[03May2026 03:23:30.567] [main/WARN] [net.minecraft.network.syncher.SynchedEntityData/]: defineId called for: class com.github.alexmodguy.alexscaves.server.entity.living.TremorzillaEntity from class com.github.alexmodguy.alexscaves.server.entity.living.LicowitchEntity
[03May2026 03:23:30.574] [main/INFO] [com.teampotato.redirector.Redirector/]: Redirecting net/minecraftforge/event/entity/SpawnPlacementRegisterEvent$Operation
[03May2026 03:23:30.805] [main/INFO] [com.teampotato.redirector.Redirector/]: Redirecting com/github/alexthe666/citadel/config/biome/BiomeEntryType
[03May2026 03:23:30.909] [main/INFO] [com.teampotato.redirector.Redirector/]: Redirecting tschipp/carryon/client/modeloverride/ModelOverride$Type
[03May2026 03:23:31.078] [modloading-worker-0/INFO] [com.teampotato.redirector.Redirector/]: Redirecting mezz/jei/common/network/PacketIdServer
[03May2026 03:23:31.081] [modloading-worker-0/INFO] [com.teampotato.redirector.Redirector/]: Redirecting mezz/jei/common/config/GiveMode
[03May2026 03:23:31.088] [modloading-worker-0/INFO] [com.teampotato.redirector.Redirector/]: Redirecting dev/shadowsoffire/placebo/config/Property$Type
[03May2026 03:23:31.137] [Forge Version Check/INFO] [net.minecraftforge.fml.VersionChecker/]: [journeymap] Starting version check at https://forge.curseupdate.com/32274/journeymap
[03May2026 03:23:31.167] [modloading-worker-0/INFO] [com.teampotato.redirector.Redirector/]: Redirecting ovh/corail/tombstone/item/CastingType
[03May2026 03:23:31.171] [modloading-worker-0/INFO] [com.teampotato.redirector.Redirector/]: Redirecting top/theillusivec4/curios/api/type/capability/ICurio$DropRule
[03May2026 03:23:31.176] [modloading-worker-0/INFO] [com.teampotato.redirector.Redirector/]: Redirecting it/hurts/octostudios/nerb/common/config/misc/ButtonMode
[03May2026 03:23:31.180] [modloading-worker-0/INFO] [com.teampotato.redirector.Redirector/]: Redirecting top/theillusivec4/curios/common/network/server/sync/SPacketSyncStack$HandlerType
[03May2026 03:23:31.192] [modloading-worker-0/INFO] [com.teampotato.redirector.Redirector/]: Redirecting org/yaml/snakeyaml/introspector/BeanAccess
[03May2026 03:23:31.203] [modloading-worker-0/INFO] [com.teampotato.redirector.Redirector/]: Redirecting org/yaml/snakeyaml/nodes/NodeId
[03May2026 03:23:31.228] [modloading-worker-0/INFO] [com.teampotato.redirector.Redirector/]: Redirecting org/yaml/snakeyaml/DumperOptions$ScalarStyle
[03May2026 03:23:31.230] [modloading-worker-0/INFO] [com.teampotato.redirector.Redirector/]: Redirecting org/yaml/snakeyaml/DumperOptions$FlowStyle
[03May2026 03:23:31.231] [modloading-worker-0/INFO] [com.teampotato.redirector.Redirector/]: Redirecting org/yaml/snakeyaml/DumperOptions$LineBreak
[03May2026 03:23:31.232] [modloading-worker-0/INFO] [com.teampotato.redirector.Redirector/]: Redirecting org/yaml/snakeyaml/DumperOptions$NonPrintableStyle
[03May2026 03:23:31.257] [modloading-worker-0/INFO] [com.teampotato.redirector.Redirector/]: Redirecting org/yaml/snakeyaml/comments/CommentType
[03May2026 03:23:31.261] [modloading-worker-0/INFO] [com.teampotato.redirector.Redirector/]: Redirecting it/hurts/octostudios/octolib/modules/config/cfgbuilder/EntryId
[03May2026 03:23:31.279] [modloading-worker-0/INFO] [com.teampotato.redirector.Redirector/]: Redirecting org/yaml/snakeyaml/events/Event$ID
[03May2026 03:23:31.280] [modloading-worker-0/INFO] [com.teampotato.redirector.Redirector/]: Redirecting org/yaml/snakeyaml/tokens/Token$ID
[03May2026 03:23:31.297] [modloading-worker-0/INFO] [com.teampotato.redirector.Redirector/]: Redirecting it/hurts/octostudios/octolib/modules/config/impl/ConfigSide
[03May2026 03:23:31.300] [Thread-0/INFO] [ModernFix/]: Please use /mfsrc to reload any changed mod config files
[03May2026 03:23:31.303] [Forge Version Check/INFO] [net.minecraftforge.fml.VersionChecker/]: [journeymap] Found status: UP_TO_DATE Current: 5.10.3 Target: null
[03May2026 03:23:31.304] [Forge Version Check/INFO] [net.minecraftforge.fml.VersionChecker/]: [travelersbackpack] Starting version check at https://gist.githubusercontent.com/Tiviacz1337/906937677aa472285dff9d6c2a189d5e/raw
[03May2026 03:23:31.333] [main/INFO] [journeymap/]: Initializing Packet Registries
[03May2026 03:23:31.348] [Forge Version Check/INFO] [net.minecraftforge.fml.VersionChecker/]: [travelersbackpack] Found status: AHEAD Current: 9.1.52 Target: null
[03May2026 03:23:31.349] [Forge Version Check/INFO] [net.minecraftforge.fml.VersionChecker/]: [forge] Starting version check at https://files.minecraftforge.net/net/minecraftforge/forge/promotions_slim.json
[03May2026 03:23:31.350] [main/FATAL] [ModernFix/]: Redirector 5.x is detected, it is known to cause extremely hard-to-debug issues in other mods
[03May2026 03:23:31.389] [main/INFO] [com.tiviacz.travelersbackpack.TravelersBackpack/]: Registered the FluidEffect with Unique ID of minecraft:water for Water (Fluid Amount Required: 1000) with the ID 0
[03May2026 03:23:31.390] [main/INFO] [com.tiviacz.travelersbackpack.TravelersBackpack/]: Registered the FluidEffect with Unique ID of minecraft:lava for Lava (Fluid Amount Required: 1000) with the ID 1
[03May2026 03:23:31.390] [main/INFO] [com.tiviacz.travelersbackpack.TravelersBackpack/]: Registered the FluidEffect with Unique ID of travelersbackpack:potion for Uncraftable Potion (Fluid Amount Required: 250) with the ID 2
[03May2026 03:23:31.390] [main/INFO] [com.tiviacz.travelersbackpack.TravelersBackpack/]: Registered the FluidEffect with Unique ID of minecraft:milk for Milk (Fluid Amount Required: 1000) with the ID 3
[03May2026 03:23:31.523] [Forge Version Check/INFO] [net.minecraftforge.fml.VersionChecker/]: [forge] Found status: OUTDATED Current: 47.3.7 Target: 47.4.10
[03May2026 03:23:31.523] [Forge Version Check/INFO] [net.minecraftforge.fml.VersionChecker/]: [inventoryhud] Starting version check at https://raw.githubusercontent.com/DmitryLovin/pluginUpdate/master/invupdate.json
[03May2026 03:23:31.565] [Forge Version Check/INFO] [net.minecraftforge.fml.VersionChecker/]: [inventoryhud] Found status: UP_TO_DATE Current: 3.4.26 Target: null
[03May2026 03:23:31.565] [Forge Version Check/INFO] [net.minecraftforge.fml.VersionChecker/]: [tombstone] Starting version check at https://raw.githubusercontent.com/Corail31/tombstone_lite/master/update.json
[03May2026 03:23:31.578] [Forge Version Check/INFO] [net.minecraftforge.fml.VersionChecker/]: [tombstone] Found status: OUTDATED Current: 9.0.9 Target: 9.0.10
[03May2026 03:23:31.625] [modloading-worker-0/INFO] [com.teampotato.redirector.Redirector/]: Redirecting ovh/corail/tombstone/compatibility/SupportMods
[03May2026 03:23:31.727] [modloading-worker-0/INFO] [com.teampotato.redirector.Redirector/]: Redirecting top/theillusivec4/curios/api/SlotTypePreset
[03May2026 03:23:31.837] [modloading-worker-0/INFO] [com.teampotato.redirector.Redirector/]: Redirecting snownee/jade/api/config/IWailaConfig$DisplayMode
[03May2026 03:23:31.839] [modloading-worker-0/INFO] [com.teampotato.redirector.Redirector/]: Redirecting snownee/jade/api/config/IWailaConfig$TTSMode
[03May2026 03:23:31.840] [modloading-worker-0/INFO] [com.teampotato.redirector.Redirector/]: Redirecting snownee/jade/api/config/IWailaConfig$FluidMode
[03May2026 03:23:31.842] [modloading-worker-0/INFO] [com.teampotato.redirector.Redirector/]: Redirecting snownee/jade/api/config/IWailaConfig$BossBarOverlapMode
[03May2026 03:23:31.849] [modloading-worker-0/INFO] [com.teampotato.redirector.Redirector/]: Redirecting snownee/jade/api/config/IWailaConfig$IconMode
[03May2026 03:23:31.862] [modloading-worker-0/INFO] [Jade/]: Start loading plugin at net.blay09.mods.balm.forge.compat.hudinfo.ForgeJadeModCompat
[03May2026 03:23:31.869] [modloading-worker-0/INFO] [Jade/]: Start loading plugin at snownee.jade.addon.vanilla.VanillaPlugin
[03May2026 03:23:31.871] [modloading-worker-0/INFO] [com.teampotato.redirector.Redirector/]: Redirecting snownee/jade/addon/vanilla/BrewingStandProvider
[03May2026 03:23:31.872] [modloading-worker-0/INFO] [com.teampotato.redirector.Redirector/]: Redirecting snownee/jade/addon/vanilla/BeehiveProvider
[03May2026 03:23:31.873] [modloading-worker-0/INFO] [com.teampotato.redirector.Redirector/]: Redirecting snownee/jade/addon/vanilla/CommandBlockProvider
[03May2026 03:23:31.874] [modloading-worker-0/INFO] [com.teampotato.redirector.Redirector/]: Redirecting snownee/jade/addon/vanilla/JukeboxProvider
[03May2026 03:23:31.875] [modloading-worker-0/INFO] [com.teampotato.redirector.Redirector/]: Redirecting snownee/jade/addon/vanilla/LecternProvider
[03May2026 03:23:31.876] [modloading-worker-0/INFO] [com.teampotato.redirector.Redirector/]: Redirecting snownee/jade/addon/vanilla/RedstoneProvider
[03May2026 03:23:31.877] [modloading-worker-0/INFO] [com.teampotato.redirector.Redirector/]: Redirecting snownee/jade/addon/vanilla/FurnaceProvider
[03May2026 03:23:31.878] [modloading-worker-0/INFO] [com.teampotato.redirector.Redirector/]: Redirecting snownee/jade/addon/vanilla/ChiseledBookshelfProvider
[03May2026 03:23:31.879] [modloading-worker-0/INFO] [com.teampotato.redirector.Redirector/]: Redirecting snownee/jade/addon/universal/ItemStorageProvider
[03May2026 03:23:31.881] [modloading-worker-0/INFO] [com.teampotato.redirector.Redirector/]: Redirecting snownee/jade/addon/vanilla/AnimalOwnerProvider
[03May2026 03:23:31.882] [modloading-worker-0/INFO] [com.teampotato.redirector.Redirector/]: Redirecting snownee/jade/addon/vanilla/StatusEffectsProvider
[03May2026 03:23:31.883] [modloading-worker-0/INFO] [com.teampotato.redirector.Redirector/]: Redirecting snownee/jade/addon/vanilla/MobGrowthProvider
[03May2026 03:23:31.884] [modloading-worker-0/INFO] [com.teampotato.redirector.Redirector/]: Redirecting snownee/jade/addon/vanilla/MobBreedingProvider
[03May2026 03:23:31.884] [modloading-worker-0/INFO] [com.teampotato.redirector.Redirector/]: Redirecting snownee/jade/addon/vanilla/ChickenEggProvider
[03May2026 03:23:31.885] [modloading-worker-0/INFO] [com.teampotato.redirector.Redirector/]: Redirecting snownee/jade/addon/vanilla/ZombieVillagerProvider
[03May2026 03:23:31.886] [modloading-worker-0/INFO] [com.teampotato.redirector.Redirector/]: Redirecting snownee/jade/addon/vanilla/CampfireProvider
[03May2026 03:23:31.886] [modloading-worker-0/INFO] [Jade/]: Start loading plugin at snownee.jade.addon.universal.UniversalPlugin
[03May2026 03:23:31.887] [modloading-worker-0/INFO] [com.teampotato.redirector.Redirector/]: Redirecting snownee/jade/addon/universal/EntityItemStorageProvider
[03May2026 03:23:31.888] [modloading-worker-0/INFO] [com.teampotato.redirector.Redirector/]: Redirecting snownee/jade/addon/universal/FluidStorageProvider
[03May2026 03:23:31.889] [modloading-worker-0/INFO] [com.teampotato.redirector.Redirector/]: Redirecting snownee/jade/addon/universal/EntityFluidStorageProvider
[03May2026 03:23:31.890] [modloading-worker-0/INFO] [com.teampotato.redirector.Redirector/]: Redirecting snownee/jade/addon/universal/EnergyStorageProvider
[03May2026 03:23:31.891] [modloading-worker-0/INFO] [com.teampotato.redirector.Redirector/]: Redirecting snownee/jade/addon/universal/EntityEnergyStorageProvider
[03May2026 03:23:31.892] [modloading-worker-0/INFO] [com.teampotato.redirector.Redirector/]: Redirecting snownee/jade/addon/universal/ProgressProvider
[03May2026 03:23:31.893] [modloading-worker-0/INFO] [com.teampotato.redirector.Redirector/]: Redirecting snownee/jade/addon/universal/EntityProgressProvider
[03May2026 03:23:31.893] [modloading-worker-0/INFO] [Jade/]: Start loading plugin at snownee.jade.addon.core.CorePlugin
[03May2026 03:23:31.894] [modloading-worker-0/INFO] [com.teampotato.redirector.Redirector/]: Redirecting snownee/jade/addon/core/RegistryNameProvider$Mode
[03May2026 03:23:31.895] [modloading-worker-0/INFO] [com.teampotato.redirector.Redirector/]: Redirecting snownee/jade/addon/core/ObjectNameProvider
[03May2026 03:23:31.896] [modloading-worker-0/INFO] [Jade/]: Start loading plugin at ovh.corail.tombstone.compatibility.IntegrationJade
[03May2026 03:23:32.489] [main/WARN] [net.minecraftforge.server.loading.ServerModLoader/LOADING]: Mods loaded with 2 warnings
[03May2026 03:23:32.492] [main/WARN] [net.minecraftforge.server.loading.ServerModLoader/LOADING]: modernfix.redirector_installed
[03May2026 03:23:32.493] [main/WARN] [net.minecraftforge.server.loading.ServerModLoader/LOADING]: modernfix.perf_mod_warning
[03May2026 03:23:32.516] [main/INFO] [com.mojang.authlib.yggdrasil.YggdrasilAuthenticationService/]: Environment: authHost='https://authserver.mojang.com', accountsHost='https://api.mojang.com', sessionHost='https://sessionserver.mojang.com', servicesHost='https://api.minecraftservices.com', name='PROD'
[03May2026 03:23:32.831] [main/INFO] [com.teampotato.redirector.Redirector/]: Redirecting net/minecraft/nbt/StreamTagVisitor$ValueResult
[03May2026 03:23:32.832] [main/INFO] [com.teampotato.redirector.Redirector/]: Redirecting net/minecraft/nbt/StreamTagVisitor$EntryResult
[03May2026 03:23:32.865] [main/INFO] [com.teampotato.redirector.Redirector/]: Redirecting net/minecraft/util/datafix/DataFixTypes
[03May2026 03:23:32.881] [main/WARN] [net.minecraft.server.packs.VanillaPackResourcesBuilder/]: Assets URL 'union:/workspaces/kirikis/servidor_minecraft/libraries/net/minecraft/server/1.20.1-20230612.114412/server-1.20.1-20230612.114412-srg.jar%23189!/assets/.mcassetsroot' uses unexpected schema
[03May2026 03:23:32.881] [main/WARN] [net.minecraft.server.packs.VanillaPackResourcesBuilder/]: Assets URL 'union:/workspaces/kirikis/servidor_minecraft/libraries/net/minecraft/server/1.20.1-20230612.114412/server-1.20.1-20230612.114412-srg.jar%23189!/data/.mcassetsroot' uses unexpected schema
[03May2026 03:23:32.913] [main/INFO] [com.teampotato.redirector.Redirector/]: Redirecting net/minecraft/server/packs/repository/Pack$Position
[03May2026 03:23:32.915] [main/INFO] [com.teampotato.redirector.Redirector/]: Redirecting net/minecraft/server/packs/repository/PackCompatibility
[03May2026 03:23:32.947] [main/INFO] [com.teampotato.redirector.Redirector/]: Redirecting net/minecraft/server/RegistryLayer
[03May2026 03:23:33.912] [main/INFO] [com.teampotato.redirector.Redirector/]: Redirecting net/minecraft/world/level/block/entity/JigsawBlockEntity$JointType
[03May2026 03:23:33.947] [main/INFO] [com.teampotato.redirector.Redirector/]: Redirecting net/minecraft/world/level/levelgen/DensityFunctions$MulOrAdd$Type
[03May2026 03:23:34.447] [main/INFO] [com.teampotato.redirector.Redirector/]: Redirecting net/minecraft/world/level/storage/PrimaryLevelData$SpecialWorldProperty
[03May2026 03:23:34.478] [main/INFO] [com.teampotato.redirector.Redirector/]: Redirecting net/minecraft/world/level/storage/loot/LootContext$EntityTarget
[03May2026 03:23:34.486] [main/INFO] [com.teampotato.redirector.Redirector/]: Redirecting net/minecraft/commands/CommandBuildContext$MissingTagAccessPolicy
[03May2026 03:23:34.581] [main/INFO] [com.teampotato.redirector.Redirector/]: Redirecting net/minecraft/world/level/block/Rotation
[03May2026 03:23:34.582] [main/INFO] [com.teampotato.redirector.Redirector/]: Redirecting com/mojang/math/OctahedralGroup
[03May2026 03:23:34.586] [main/INFO] [com.teampotato.redirector.Redirector/]: Redirecting com/mojang/math/SymmetricGroup3
[03May2026 03:23:34.660] [main/INFO] [com.teampotato.redirector.Redirector/]: Redirecting net/minecraft/world/level/block/Mirror
[03May2026 03:23:34.662] [main/INFO] [com.teampotato.redirector.Redirector/]: Redirecting net/minecraft/sounds/SoundSource
[03May2026 03:23:34.697] [main/INFO] [com.teampotato.redirector.Redirector/]: Redirecting net/minecraft/network/chat/ClickEvent$Action
[03May2026 03:23:34.848] [main/INFO] [com.teampotato.redirector.Redirector/]: Redirecting ovh/corail/tombstone/command/TombstoneCommand$CommandName
[03May2026 03:23:34.851] [main/INFO] [com.teampotato.redirector.Redirector/]: Redirecting ovh/corail/tombstone/command/CommandTBKnowledge$SubCommand
[03May2026 03:23:34.854] [main/INFO] [com.teampotato.redirector.Redirector/]: Redirecting ovh/corail/tombstone/command/CommandTBAlignment$SubCommand
[03May2026 03:23:34.856] [main/INFO] [com.teampotato.redirector.Redirector/]: Redirecting ovh/corail/tombstone/command/CommandTBRecovery$SubCommand
[03May2026 03:23:34.861] [main/INFO] [com.teampotato.redirector.Redirector/]: Redirecting ovh/corail/tombstone/command/CommandTBSiege$SubCommand
[03May2026 03:23:34.864] [main/INFO] [com.teampotato.redirector.Redirector/]: Redirecting ovh/corail/tombstone/command/CommandTBTeleport$SubCommand
[03May2026 03:23:34.880] [main/INFO] [com.github.alexthe666.alexsmobs.AlexsMobs/]: Adding datapack listener capsid_recipes
[03May2026 03:23:34.956] [Worker-Main-3/WARN] [artifacts.Artifacts/]: Tag entries for curios:tags/items/magic_book.json cleared by tombstone-1.20.1-9.0.9.jar
[03May2026 03:23:35.079] [Worker-Main-2/INFO] [com.teampotato.redirector.Redirector/]: Redirecting net/minecraft/world/item/ItemStack$TooltipPart
[03May2026 03:23:35.087] [Worker-Main-2/INFO] [com.teampotato.redirector.Redirector/]: Redirecting net/minecraft/commands/arguments/EntityAnchorArgument$Anchor
[03May2026 03:23:35.225] [Worker-Main-3/INFO] [com.teampotato.redirector.Redirector/]: Redirecting net/minecraft/world/level/storage/loot/functions/CopyNbtFunction$MergeStrategy
[03May2026 03:23:35.255] [Worker-Main-3/INFO] [com.teampotato.redirector.Redirector/]: Redirecting net/minecraft/world/entity/animal/axolotl/Axolotl$Variant
[03May2026 03:23:35.258] [Worker-Main-3/INFO] [com.teampotato.redirector.Redirector/]: Redirecting net/minecraft/world/entity/animal/Fox$Type
[03May2026 03:23:35.260] [Worker-Main-3/INFO] [com.teampotato.redirector.Redirector/]: Redirecting net/minecraft/world/entity/animal/MushroomCow$MushroomType
[03May2026 03:23:35.263] [Worker-Main-3/INFO] [com.teampotato.redirector.Redirector/]: Redirecting net/minecraft/world/entity/animal/Rabbit$Variant
[03May2026 03:23:35.266] [Worker-Main-3/INFO] [com.teampotato.redirector.Redirector/]: Redirecting net/minecraft/world/entity/animal/horse/Variant
[03May2026 03:23:35.268] [Worker-Main-3/INFO] [com.teampotato.redirector.Redirector/]: Redirecting net/minecraft/world/entity/animal/horse/Llama$Variant
[03May2026 03:23:35.270] [Worker-Main-3/INFO] [com.teampotato.redirector.Redirector/]: Redirecting net/minecraft/world/entity/animal/Parrot$Variant
[03May2026 03:23:35.271] [Worker-Main-3/INFO] [com.teampotato.redirector.Redirector/]: Redirecting net/minecraft/world/entity/animal/TropicalFish$Pattern
[03May2026 03:23:35.272] [Worker-Main-3/INFO] [com.teampotato.redirector.Redirector/]: Redirecting net/minecraft/world/entity/animal/TropicalFish$Base
[03May2026 03:23:35.290] [Worker-Main-3/INFO] [com.teampotato.redirector.Redirector/]: Redirecting net/minecraft/world/level/storage/loot/functions/CopyNameFunction$NameSource
[03May2026 03:23:35.308] [Worker-Main-3/INFO] [com.teampotato.redirector.Redirector/]: Redirecting net/minecraft/world/level/saveddata/maps/MapDecoration$Type
[03May2026 03:23:35.312] [Worker-Main-3/INFO] [com.teampotato.redirector.Redirector/]: Redirecting artifacts/loot/ConfigValueChance$ChanceConfig
[03May2026 03:23:35.346] [Worker-Main-3/ERROR] [net.minecraftforge.common.ForgeHooks/]: Couldn't parse element loot_tables:revampedpiles:blocks/hanging_mutton
com.google.gson.JsonSyntaxException: Expected name to be an item, was unknown string 'revampedpiles:mutton'
	at net.minecraft.util.GsonHelper.m_13866_(GsonHelper.java:145) ~[server-1.20.1-20230612.114412-srg.jar%23189!/:?]
	at java.util.Optional.orElseThrow(Optional.java:403) ~[?:?]
	at net.minecraft.util.GsonHelper.m_13874_(GsonHelper.java:145) ~[server-1.20.1-20230612.114412-srg.jar%23189!/:?]
	at net.minecraft.util.GsonHelper.m_13909_(GsonHelper.java:153) ~[server-1.20.1-20230612.114412-srg.jar%23189!/:?]
	at net.minecraft.world.level.storage.loot.entries.LootItem$Serializer.m_7267_(LootItem.java:55) ~[server-1.20.1-20230612.114412-srg.jar%23189!/:?]
	at net.minecraft.world.level.storage.loot.entries.LootItem$Serializer.m_7267_(LootItem.java:40) ~[server-1.20.1-20230612.114412-srg.jar%23189!/:?]
	at net.minecraft.world.level.storage.loot.entries.LootPoolSingletonContainer$Serializer.m_5921_(LootPoolSingletonContainer.java:151) ~[server-1.20.1-20230612.114412-srg.jar%23189!/:?]
	at net.minecraft.world.level.storage.loot.entries.LootPoolSingletonContainer$Serializer.m_5921_(LootPoolSingletonContainer.java:129) ~[server-1.20.1-20230612.114412-srg.jar%23189!/:?]
	at net.minecraft.world.level.storage.loot.entries.LootPoolEntryContainer$Serializer.m_7561_(LootPoolEntryContainer.java:86) ~[server-1.20.1-20230612.114412-srg.jar%23189!/:?]
	at net.minecraft.world.level.storage.loot.entries.LootPoolEntryContainer$Serializer.m_7561_(LootPoolEntryContainer.java:74) ~[server-1.20.1-20230612.114412-srg.jar%23189!/:?]
	at net.minecraft.world.level.storage.loot.GsonAdapterFactory$JsonAdapter.deserialize(GsonAdapterFactory.java:102) ~[server-1.20.1-20230612.114412-srg.jar%23189!/:?]
	at com.google.gson.internal.bind.TreeTypeAdapter.read(TreeTypeAdapter.java:76) ~[gson-2.10.jar%2372!/:?]
	at com.google.gson.internal.bind.TypeAdapterRuntimeTypeWrapper.read(TypeAdapterRuntimeTypeWrapper.java:40) ~[gson-2.10.jar%2372!/:?]
	at com.google.gson.internal.bind.ArrayTypeAdapter.read(ArrayTypeAdapter.java:72) ~[gson-2.10.jar%2372!/:?]
	at com.google.gson.Gson.fromJson(Gson.java:1214) ~[gson-2.10.jar%2372!/:?]
	at com.google.gson.Gson.fromJson(Gson.java:1319) ~[gson-2.10.jar%2372!/:?]
	at com.google.gson.Gson.fromJson(Gson.java:1290) ~[gson-2.10.jar%2372!/:?]
	at com.google.gson.internal.bind.TreeTypeAdapter$GsonContextImpl.deserialize(TreeTypeAdapter.java:179) ~[gson-2.10.jar%2372!/:?]
	at net.minecraft.util.GsonHelper.m_13808_(GsonHelper.java:463) ~[server-1.20.1-20230612.114412-srg.jar%23189!/:?]
	at net.minecraft.util.GsonHelper.m_13836_(GsonHelper.java:471) ~[server-1.20.1-20230612.114412-srg.jar%23189!/:?]
	at net.minecraft.world.level.storage.loot.LootPool$Serializer.deserialize(LootPool.java:192) ~[server-1.20.1-20230612.114412-srg.jar%23189!/:?]
	at net.minecraft.world.level.storage.loot.LootPool$Serializer.deserialize(LootPool.java:189) ~[server-1.20.1-20230612.114412-srg.jar%23189!/:?]
	at com.google.gson.internal.bind.TreeTypeAdapter.read(TreeTypeAdapter.java:76) ~[gson-2.10.jar%2372!/:?]
	at com.google.gson.internal.bind.TypeAdapterRuntimeTypeWrapper.read(TypeAdapterRuntimeTypeWrapper.java:40) ~[gson-2.10.jar%2372!/:?]
	at com.google.gson.internal.bind.ArrayTypeAdapter.read(ArrayTypeAdapter.java:72) ~[gson-2.10.jar%2372!/:?]
	at com.google.gson.Gson.fromJson(Gson.java:1214) ~[gson-2.10.jar%2372!/:?]
	at com.google.gson.Gson.fromJson(Gson.java:1319) ~[gson-2.10.jar%2372!/:?]
	at com.google.gson.Gson.fromJson(Gson.java:1290) ~[gson-2.10.jar%2372!/:?]
	at com.google.gson.internal.bind.TreeTypeAdapter$GsonContextImpl.deserialize(TreeTypeAdapter.java:179) ~[gson-2.10.jar%2372!/:?]
	at net.minecraft.util.GsonHelper.m_13808_(GsonHelper.java:463) ~[server-1.20.1-20230612.114412-srg.jar%23189!/:?]
	at net.minecraft.util.GsonHelper.m_13845_(GsonHelper.java:481) ~[server-1.20.1-20230612.114412-srg.jar%23189!/:?]
	at net.minecraft.world.level.storage.loot.LootTable$Serializer.deserialize(LootTable.java:294) ~[server-1.20.1-20230612.114412-srg.jar%23189!/:?]
	at net.minecraft.world.level.storage.loot.LootTable$Serializer.deserialize(LootTable.java:291) ~[server-1.20.1-20230612.114412-srg.jar%23189!/:?]
	at com.google.gson.internal.bind.TreeTypeAdapter.read(TreeTypeAdapter.java:76) ~[gson-2.10.jar%2372!/:?]
	at com.google.gson.Gson.fromJson(Gson.java:1214) ~[gson-2.10.jar%2372!/:?]
	at com.google.gson.Gson.fromJson(Gson.java:1319) ~[gson-2.10.jar%2372!/:?]
	at com.google.gson.Gson.fromJson(Gson.java:1261) ~[gson-2.10.jar%2372!/:?]
	at net.minecraftforge.common.ForgeHooks.loadLootTable(ForgeHooks.java:871) ~[forge-1.20.1-47.3.7-universal.jar%23194!/:?]
	at net.minecraftforge.common.ForgeHooks.lambda$getLootTableDeserializer$3(ForgeHooks.java:848) ~[forge-1.20.1-47.3.7-universal.jar%23194!/:?]
	at net.minecraft.world.level.storage.loot.LootDataType.deserialize(LootDataType.java:45) ~[server-1.20.1-20230612.114412-srg.jar%23189!/:?]
	at net.minecraft.world.level.storage.loot.LootDataManager.lambda$scheduleElementParse$4(LootDataManager.java:56) ~[server-1.20.1-20230612.114412-srg.jar%23189!/:?]
	at java.util.HashMap.forEach(HashMap.java:1421) ~[?:?]
	at net.minecraft.world.level.storage.loot.LootDataManager.m_278660_(LootDataManager.java:55) ~[server-1.20.1-20230612.114412-srg.jar%23189!/:?]
	at java.util.concurrent.CompletableFuture$AsyncRun.run(CompletableFuture.java:1804) ~[?:?]
	at java.util.concurrent.CompletableFuture$AsyncRun.exec(CompletableFuture.java:1796) ~[?:?]
	at java.util.concurrent.ForkJoinTask.doExec(ForkJoinTask.java:373) ~[?:?]
	at java.util.concurrent.ForkJoinPool$WorkQueue.topLevelExec(ForkJoinPool.java:1182) ~[?:?]
	at java.util.concurrent.ForkJoinPool.scan(ForkJoinPool.java:1655) ~[?:?]
	at java.util.concurrent.ForkJoinPool.runWorker(ForkJoinPool.java:1622) ~[?:?]
	at java.util.concurrent.ForkJoinWorkerThread.run(ForkJoinWorkerThread.java:165) ~[?:?]
[03May2026 03:23:35.370] [Worker-Main-3/ERROR] [net.minecraftforge.common.ForgeHooks/]: Couldn't parse element loot_tables:revampedpiles:blocks/plains_arrow_rack
com.google.gson.JsonSyntaxException: Expected name to be an item, was unknown string 'yourmod:plains_arrow_rack'
	at net.minecraft.util.GsonHelper.m_13866_(GsonHelper.java:145) ~[server-1.20.1-20230612.114412-srg.jar%23189!/:?]
	at java.util.Optional.orElseThrow(Optional.java:403) ~[?:?]
	at net.minecraft.util.GsonHelper.m_13874_(GsonHelper.java:145) ~[server-1.20.1-20230612.114412-srg.jar%23189!/:?]
	at net.minecraft.util.GsonHelper.m_13909_(GsonHelper.java:153) ~[server-1.20.1-20230612.114412-srg.jar%23189!/:?]
	at net.minecraft.world.level.storage.loot.entries.LootItem$Serializer.m_7267_(LootItem.java:55) ~[server-1.20.1-20230612.114412-srg.jar%23189!/:?]
	at net.minecraft.world.level.storage.loot.entries.LootItem$Serializer.m_7267_(LootItem.java:40) ~[server-1.20.1-20230612.114412-srg.jar%23189!/:?]
	at net.minecraft.world.level.storage.loot.entries.LootPoolSingletonContainer$Serializer.m_5921_(LootPoolSingletonContainer.java:151) ~[server-1.20.1-20230612.114412-srg.jar%23189!/:?]
	at net.minecraft.world.level.storage.loot.entries.LootPoolSingletonContainer$Serializer.m_5921_(LootPoolSingletonContainer.java:129) ~[server-1.20.1-20230612.114412-srg.jar%23189!/:?]
	at net.minecraft.world.level.storage.loot.entries.LootPoolEntryContainer$Serializer.m_7561_(LootPoolEntryContainer.java:86) ~[server-1.20.1-20230612.114412-srg.jar%23189!/:?]
	at net.minecraft.world.level.storage.loot.entries.LootPoolEntryContainer$Serializer.m_7561_(LootPoolEntryContainer.java:74) ~[server-1.20.1-20230612.114412-srg.jar%23189!/:?]
	at net.minecraft.world.level.storage.loot.GsonAdapterFactory$JsonAdapter.deserialize(GsonAdapterFactory.java:102) ~[server-1.20.1-20230612.114412-srg.jar%23189!/:?]
	at com.google.gson.internal.bind.TreeTypeAdapter.read(TreeTypeAdapter.java:76) ~[gson-2.10.jar%2372!/:?]
	at com.google.gson.internal.bind.TypeAdapterRuntimeTypeWrapper.read(TypeAdapterRuntimeTypeWrapper.java:40) ~[gson-2.10.jar%2372!/:?]
	at com.google.gson.internal.bind.ArrayTypeAdapter.read(ArrayTypeAdapter.java:72) ~[gson-2.10.jar%2372!/:?]
	at com.google.gson.Gson.fromJson(Gson.java:1214) ~[gson-2.10.jar%2372!/:?]
	at com.google.gson.Gson.fromJson(Gson.java:1319) ~[gson-2.10.jar%2372!/:?]
	at com.google.gson.Gson.fromJson(Gson.java:1290) ~[gson-2.10.jar%2372!/:?]
	at com.google.gson.internal.bind.TreeTypeAdapter$GsonContextImpl.deserialize(TreeTypeAdapter.java:179) ~[gson-2.10.jar%2372!/:?]
	at net.minecraft.util.GsonHelper.m_13808_(GsonHelper.java:463) ~[server-1.20.1-20230612.114412-srg.jar%23189!/:?]
	at net.minecraft.util.GsonHelper.m_13836_(GsonHelper.java:471) ~[server-1.20.1-20230612.114412-srg.jar%23189!/:?]
	at net.minecraft.world.level.storage.loot.LootPool$Serializer.deserialize(LootPool.java:192) ~[server-1.20.1-20230612.114412-srg.jar%23189!/:?]
	at net.minecraft.world.level.storage.loot.LootPool$Serializer.deserialize(LootPool.java:189) ~[server-1.20.1-20230612.114412-srg.jar%23189!/:?]
	at com.google.gson.internal.bind.TreeTypeAdapter.read(TreeTypeAdapter.java:76) ~[gson-2.10.jar%2372!/:?]
	at com.google.gson.internal.bind.TypeAdapterRuntimeTypeWrapper.read(TypeAdapterRuntimeTypeWrapper.java:40) ~[gson-2.10.jar%2372!/:?]
	at com.google.gson.internal.bind.ArrayTypeAdapter.read(ArrayTypeAdapter.java:72) ~[gson-2.10.jar%2372!/:?]
	at com.google.gson.Gson.fromJson(Gson.java:1214) ~[gson-2.10.jar%2372!/:?]
	at com.google.gson.Gson.fromJson(Gson.java:1319) ~[gson-2.10.jar%2372!/:?]
	at com.google.gson.Gson.fromJson(Gson.java:1290) ~[gson-2.10.jar%2372!/:?]
	at com.google.gson.internal.bind.TreeTypeAdapter$GsonContextImpl.deserialize(TreeTypeAdapter.java:179) ~[gson-2.10.jar%2372!/:?]
	at net.minecraft.util.GsonHelper.m_13808_(GsonHelper.java:463) ~[server-1.20.1-20230612.114412-srg.jar%23189!/:?]
	at net.minecraft.util.GsonHelper.m_13845_(GsonHelper.java:481) ~[server-1.20.1-20230612.114412-srg.jar%23189!/:?]
	at net.minecraft.world.level.storage.loot.LootTable$Serializer.deserialize(LootTable.java:294) ~[server-1.20.1-20230612.114412-srg.jar%23189!/:?]
	at net.minecraft.world.level.storage.loot.LootTable$Serializer.deserialize(LootTable.java:291) ~[server-1.20.1-20230612.114412-srg.jar%23189!/:?]
	at com.google.gson.internal.bind.TreeTypeAdapter.read(TreeTypeAdapter.java:76) ~[gson-2.10.jar%2372!/:?]
	at com.google.gson.Gson.fromJson(Gson.java:1214) ~[gson-2.10.jar%2372!/:?]
	at com.google.gson.Gson.fromJson(Gson.java:1319) ~[gson-2.10.jar%2372!/:?]
	at com.google.gson.Gson.fromJson(Gson.java:1261) ~[gson-2.10.jar%2372!/:?]
	at net.minecraftforge.common.ForgeHooks.loadLootTable(ForgeHooks.java:871) ~[forge-1.20.1-47.3.7-universal.jar%23194!/:?]
	at net.minecraftforge.common.ForgeHooks.lambda$getLootTableDeserializer$3(ForgeHooks.java:848) ~[forge-1.20.1-47.3.7-universal.jar%23194!/:?]
	at net.minecraft.world.level.storage.loot.LootDataType.deserialize(LootDataType.java:45) ~[server-1.20.1-20230612.114412-srg.jar%23189!/:?]
	at net.minecraft.world.level.storage.loot.LootDataManager.lambda$scheduleElementParse$4(LootDataManager.java:56) ~[server-1.20.1-20230612.114412-srg.jar%23189!/:?]
	at java.util.HashMap.forEach(HashMap.java:1421) ~[?:?]
	at net.minecraft.world.level.storage.loot.LootDataManager.m_278660_(LootDataManager.java:55) ~[server-1.20.1-20230612.114412-srg.jar%23189!/:?]
	at java.util.concurrent.CompletableFuture$AsyncRun.run(CompletableFuture.java:1804) ~[?:?]
	at java.util.concurrent.CompletableFuture$AsyncRun.exec(CompletableFuture.java:1796) ~[?:?]
	at java.util.concurrent.ForkJoinTask.doExec(ForkJoinTask.java:373) ~[?:?]
	at java.util.concurrent.ForkJoinPool$WorkQueue.topLevelExec(ForkJoinPool.java:1182) ~[?:?]
	at java.util.concurrent.ForkJoinPool.scan(ForkJoinPool.java:1655) ~[?:?]
	at java.util.concurrent.ForkJoinPool.runWorker(ForkJoinPool.java:1622) ~[?:?]
	at java.util.concurrent.ForkJoinWorkerThread.run(ForkJoinWorkerThread.java:165) ~[?:?]
[03May2026 03:23:35.387] [Worker-Main-3/ERROR] [net.minecraftforge.common.ForgeHooks/]: Couldn't parse element loot_tables:revampedpiles:blocks/desert_arrow_rack
com.google.gson.JsonSyntaxException: Expected name to be an item, was unknown string 'yourmod:desert_arrow_rack'
	at net.minecraft.util.GsonHelper.m_13866_(GsonHelper.java:145) ~[server-1.20.1-20230612.114412-srg.jar%23189!/:?]
	at java.util.Optional.orElseThrow(Optional.java:403) ~[?:?]
	at net.minecraft.util.GsonHelper.m_13874_(GsonHelper.java:145) ~[server-1.20.1-20230612.114412-srg.jar%23189!/:?]
	at net.minecraft.util.GsonHelper.m_13909_(GsonHelper.java:153) ~[server-1.20.1-20230612.114412-srg.jar%23189!/:?]
	at net.minecraft.world.level.storage.loot.entries.LootItem$Serializer.m_7267_(LootItem.java:55) ~[server-1.20.1-20230612.114412-srg.jar%23189!/:?]
	at net.minecraft.world.level.storage.loot.entries.LootItem$Serializer.m_7267_(LootItem.java:40) ~[server-1.20.1-20230612.114412-srg.jar%23189!/:?]
	at net.minecraft.world.level.storage.loot.entries.LootPoolSingletonContainer$Serializer.m_5921_(LootPoolSingletonContainer.java:151) ~[server-1.20.1-20230612.114412-srg.jar%23189!/:?]
	at net.minecraft.world.level.storage.loot.entries.LootPoolSingletonContainer$Serializer.m_5921_(LootPoolSingletonContainer.java:129) ~[server-1.20.1-20230612.114412-srg.jar%23189!/:?]
	at net.minecraft.world.level.storage.loot.entries.LootPoolEntryContainer$Serializer.m_7561_(LootPoolEntryContainer.java:86) ~[server-1.20.1-20230612.114412-srg.jar%23189!/:?]
	at net.minecraft.world.level.storage.loot.entries.LootPoolEntryContainer$Serializer.m_7561_(LootPoolEntryContainer.java:74) ~[server-1.20.1-20230612.114412-srg.jar%23189!/:?]
	at net.minecraft.world.level.storage.loot.GsonAdapterFactory$JsonAdapter.deserialize(GsonAdapterFactory.java:102) ~[server-1.20.1-20230612.114412-srg.jar%23189!/:?]
	at com.google.gson.internal.bind.TreeTypeAdapter.read(TreeTypeAdapter.java:76) ~[gson-2.10.jar%2372!/:?]
	at com.google.gson.internal.bind.TypeAdapterRuntimeTypeWrapper.read(TypeAdapterRuntimeTypeWrapper.java:40) ~[gson-2.10.jar%2372!/:?]
	at com.google.gson.internal.bind.ArrayTypeAdapter.read(ArrayTypeAdapter.java:72) ~[gson-2.10.jar%2372!/:?]
	at com.google.gson.Gson.fromJson(Gson.java:1214) ~[gson-2.10.jar%2372!/:?]
	at com.google.gson.Gson.fromJson(Gson.java:1319) ~[gson-2.10.jar%2372!/:?]
	at com.google.gson.Gson.fromJson(Gson.java:1290) ~[gson-2.10.jar%2372!/:?]
	at com.google.gson.internal.bind.TreeTypeAdapter$GsonContextImpl.deserialize(TreeTypeAdapter.java:179) ~[gson-2.10.jar%2372!/:?]
	at net.minecraft.util.GsonHelper.m_13808_(GsonHelper.java:463) ~[server-1.20.1-20230612.114412-srg.jar%23189!/:?]
	at net.minecraft.util.GsonHelper.m_13836_(GsonHelper.java:471) ~[server-1.20.1-20230612.114412-srg.jar%23189!/:?]
	at net.minecraft.world.level.storage.loot.LootPool$Serializer.deserialize(LootPool.java:192) ~[server-1.20.1-20230612.114412-srg.jar%23189!/:?]
	at net.minecraft.world.level.storage.loot.LootPool$Serializer.deserialize(LootPool.java:189) ~[server-1.20.1-20230612.114412-srg.jar%23189!/:?]
	at com.google.gson.internal.bind.TreeTypeAdapter.read(TreeTypeAdapter.java:76) ~[gson-2.10.jar%2372!/:?]
	at com.google.gson.internal.bind.TypeAdapterRuntimeTypeWrapper.read(TypeAdapterRuntimeTypeWrapper.java:40) ~[gson-2.10.jar%2372!/:?]
	at com.google.gson.internal.bind.ArrayTypeAdapter.read(ArrayTypeAdapter.java:72) ~[gson-2.10.jar%2372!/:?]
	at com.google.gson.Gson.fromJson(Gson.java:1214) ~[gson-2.10.jar%2372!/:?]
	at com.google.gson.Gson.fromJson(Gson.java:1319) ~[gson-2.10.jar%2372!/:?]
	at com.google.gson.Gson.fromJson(Gson.java:1290) ~[gson-2.10.jar%2372!/:?]
	at com.google.gson.internal.bind.TreeTypeAdapter$GsonContextImpl.deserialize(TreeTypeAdapter.java:179) ~[gson-2.10.jar%2372!/:?]
	at net.minecraft.util.GsonHelper.m_13808_(GsonHelper.java:463) ~[server-1.20.1-20230612.114412-srg.jar%23189!/:?]
	at net.minecraft.util.GsonHelper.m_13845_(GsonHelper.java:481) ~[server-1.20.1-20230612.114412-srg.jar%23189!/:?]
	at net.minecraft.world.level.storage.loot.LootTable$Serializer.deserialize(LootTable.java:294) ~[server-1.20.1-20230612.114412-srg.jar%23189!/:?]
	at net.minecraft.world.level.storage.loot.LootTable$Serializer.deserialize(LootTable.java:291) ~[server-1.20.1-20230612.114412-srg.jar%23189!/:?]
	at com.google.gson.internal.bind.TreeTypeAdapter.read(TreeTypeAdapter.java:76) ~[gson-2.10.jar%2372!/:?]
	at com.google.gson.Gson.fromJson(Gson.java:1214) ~[gson-2.10.jar%2372!/:?]
	at com.google.gson.Gson.fromJson(Gson.java:1319) ~[gson-2.10.jar%2372!/:?]
	at com.google.gson.Gson.fromJson(Gson.java:1261) ~[gson-2.10.jar%2372!/:?]
	at net.minecraftforge.common.ForgeHooks.loadLootTable(ForgeHooks.java:871) ~[forge-1.20.1-47.3.7-universal.jar%23194!/:?]
	at net.minecraftforge.common.ForgeHooks.lambda$getLootTableDeserializer$3(ForgeHooks.java:848) ~[forge-1.20.1-47.3.7-universal.jar%23194!/:?]
	at net.minecraft.world.level.storage.loot.LootDataType.deserialize(LootDataType.java:45) ~[server-1.20.1-20230612.114412-srg.jar%23189!/:?]
	at net.minecraft.world.level.storage.loot.LootDataManager.lambda$scheduleElementParse$4(LootDataManager.java:56) ~[server-1.20.1-20230612.114412-srg.jar%23189!/:?]
	at java.util.HashMap.forEach(HashMap.java:1421) ~[?:?]
	at net.minecraft.world.level.storage.loot.LootDataManager.m_278660_(LootDataManager.java:55) ~[server-1.20.1-20230612.114412-srg.jar%23189!/:?]
	at java.util.concurrent.CompletableFuture$AsyncRun.run(CompletableFuture.java:1804) ~[?:?]
	at java.util.concurrent.CompletableFuture$AsyncRun.exec(CompletableFuture.java:1796) ~[?:?]
	at java.util.concurrent.ForkJoinTask.doExec(ForkJoinTask.java:373) ~[?:?]
	at java.util.concurrent.ForkJoinPool$WorkQueue.topLevelExec(ForkJoinPool.java:1182) ~[?:?]
	at java.util.concurrent.ForkJoinPool.scan(ForkJoinPool.java:1655) ~[?:?]
	at java.util.concurrent.ForkJoinPool.runWorker(ForkJoinPool.java:1622) ~[?:?]
	at java.util.concurrent.ForkJoinWorkerThread.run(ForkJoinWorkerThread.java:165) ~[?:?]
[03May2026 03:23:35.452] [Worker-Main-3/ERROR] [net.minecraftforge.common.ForgeHooks/]: Couldn't parse element loot_tables:revampedpiles:blocks/village_dirt_path
com.google.gson.JsonSyntaxException: Expected name to be an item, was unknown string 'revampedpiles:village_dirtpath_path'
	at net.minecraft.util.GsonHelper.m_13866_(GsonHelper.java:145) ~[server-1.20.1-20230612.114412-srg.jar%23189!/:?]
	at java.util.Optional.orElseThrow(Optional.java:403) ~[?:?]
	at net.minecraft.util.GsonHelper.m_13874_(GsonHelper.java:145) ~[server-1.20.1-20230612.114412-srg.jar%23189!/:?]
	at net.minecraft.util.GsonHelper.m_13909_(GsonHelper.java:153) ~[server-1.20.1-20230612.114412-srg.jar%23189!/:?]
	at net.minecraft.world.level.storage.loot.entries.LootItem$Serializer.m_7267_(LootItem.java:55) ~[server-1.20.1-20230612.114412-srg.jar%23189!/:?]
	at net.minecraft.world.level.storage.loot.entries.LootItem$Serializer.m_7267_(LootItem.java:40) ~[server-1.20.1-20230612.114412-srg.jar%23189!/:?]
	at net.minecraft.world.level.storage.loot.entries.LootPoolSingletonContainer$Serializer.m_5921_(LootPoolSingletonContainer.java:151) ~[server-1.20.1-20230612.114412-srg.jar%23189!/:?]
	at net.minecraft.world.level.storage.loot.entries.LootPoolSingletonContainer$Serializer.m_5921_(LootPoolSingletonContainer.java:129) ~[server-1.20.1-20230612.114412-srg.jar%23189!/:?]
	at net.minecraft.world.level.storage.loot.entries.LootPoolEntryContainer$Serializer.m_7561_(LootPoolEntryContainer.java:86) ~[server-1.20.1-20230612.114412-srg.jar%23189!/:?]
	at net.minecraft.world.level.storage.loot.entries.LootPoolEntryContainer$Serializer.m_7561_(LootPoolEntryContainer.java:74) ~[server-1.20.1-20230612.114412-srg.jar%23189!/:?]
	at net.minecraft.world.level.storage.loot.GsonAdapterFactory$JsonAdapter.deserialize(GsonAdapterFactory.java:102) ~[server-1.20.1-20230612.114412-srg.jar%23189!/:?]
	at com.google.gson.internal.bind.TreeTypeAdapter.read(TreeTypeAdapter.java:76) ~[gson-2.10.jar%2372!/:?]
	at com.google.gson.internal.bind.TypeAdapterRuntimeTypeWrapper.read(TypeAdapterRuntimeTypeWrapper.java:40) ~[gson-2.10.jar%2372!/:?]
	at com.google.gson.internal.bind.ArrayTypeAdapter.read(ArrayTypeAdapter.java:72) ~[gson-2.10.jar%2372!/:?]
	at com.google.gson.Gson.fromJson(Gson.java:1214) ~[gson-2.10.jar%2372!/:?]
	at com.google.gson.Gson.fromJson(Gson.java:1319) ~[gson-2.10.jar%2372!/:?]
	at com.google.gson.Gson.fromJson(Gson.java:1290) ~[gson-2.10.jar%2372!/:?]
	at com.google.gson.internal.bind.TreeTypeAdapter$GsonContextImpl.deserialize(TreeTypeAdapter.java:179) ~[gson-2.10.jar%2372!/:?]
	at net.minecraft.util.GsonHelper.m_13808_(GsonHelper.java:463) ~[server-1.20.1-20230612.114412-srg.jar%23189!/:?]
	at net.minecraft.util.GsonHelper.m_13836_(GsonHelper.java:471) ~[server-1.20.1-20230612.114412-srg.jar%23189!/:?]
	at net.minecraft.world.level.storage.loot.LootPool$Serializer.deserialize(LootPool.java:192) ~[server-1.20.1-20230612.114412-srg.jar%23189!/:?]
	at net.minecraft.world.level.storage.loot.LootPool$Serializer.deserialize(LootPool.java:189) ~[server-1.20.1-20230612.114412-srg.jar%23189!/:?]
	at com.google.gson.internal.bind.TreeTypeAdapter.read(TreeTypeAdapter.java:76) ~[gson-2.10.jar%2372!/:?]
	at com.google.gson.internal.bind.TypeAdapterRuntimeTypeWrapper.read(TypeAdapterRuntimeTypeWrapper.java:40) ~[gson-2.10.jar%2372!/:?]
	at com.google.gson.internal.bind.ArrayTypeAdapter.read(ArrayTypeAdapter.java:72) ~[gson-2.10.jar%2372!/:?]
	at com.google.gson.Gson.fromJson(Gson.java:1214) ~[gson-2.10.jar%2372!/:?]
	at com.google.gson.Gson.fromJson(Gson.java:1319) ~[gson-2.10.jar%2372!/:?]
	at com.google.gson.Gson.fromJson(Gson.java:1290) ~[gson-2.10.jar%2372!/:?]
	at com.google.gson.internal.bind.TreeTypeAdapter$GsonContextImpl.deserialize(TreeTypeAdapter.java:179) ~[gson-2.10.jar%2372!/:?]
	at net.minecraft.util.GsonHelper.m_13808_(GsonHelper.java:463) ~[server-1.20.1-20230612.114412-srg.jar%23189!/:?]
	at net.minecraft.util.GsonHelper.m_13845_(GsonHelper.java:481) ~[server-1.20.1-20230612.114412-srg.jar%23189!/:?]
	at net.minecraft.world.level.storage.loot.LootTable$Serializer.deserialize(LootTable.java:294) ~[server-1.20.1-20230612.114412-srg.jar%23189!/:?]
	at net.minecraft.world.level.storage.loot.LootTable$Serializer.deserialize(LootTable.java:291) ~[server-1.20.1-20230612.114412-srg.jar%23189!/:?]
	at com.google.gson.internal.bind.TreeTypeAdapter.read(TreeTypeAdapter.java:76) ~[gson-2.10.jar%2372!/:?]
	at com.google.gson.Gson.fromJson(Gson.java:1214) ~[gson-2.10.jar%2372!/:?]
	at com.google.gson.Gson.fromJson(Gson.java:1319) ~[gson-2.10.jar%2372!/:?]
	at com.google.gson.Gson.fromJson(Gson.java:1261) ~[gson-2.10.jar%2372!/:?]
	at net.minecraftforge.common.ForgeHooks.loadLootTable(ForgeHooks.java:871) ~[forge-1.20.1-47.3.7-universal.jar%23194!/:?]
	at net.minecraftforge.common.ForgeHooks.lambda$getLootTableDeserializer$3(ForgeHooks.java:848) ~[forge-1.20.1-47.3.7-universal.jar%23194!/:?]
	at net.minecraft.world.level.storage.loot.LootDataType.deserialize(LootDataType.java:45) ~[server-1.20.1-20230612.114412-srg.jar%23189!/:?]
	at net.minecraft.world.level.storage.loot.LootDataManager.lambda$scheduleElementParse$4(LootDataManager.java:56) ~[server-1.20.1-20230612.114412-srg.jar%23189!/:?]
	at java.util.HashMap.forEach(HashMap.java:1421) ~[?:?]
	at net.minecraft.world.level.storage.loot.LootDataManager.m_278660_(LootDataManager.java:55) ~[server-1.20.1-20230612.114412-srg.jar%23189!/:?]
	at java.util.concurrent.CompletableFuture$AsyncRun.run(CompletableFuture.java:1804) ~[?:?]
	at java.util.concurrent.CompletableFuture$AsyncRun.exec(CompletableFuture.java:1796) ~[?:?]
	at java.util.concurrent.ForkJoinTask.doExec(ForkJoinTask.java:373) ~[?:?]
	at java.util.concurrent.ForkJoinPool$WorkQueue.topLevelExec(ForkJoinPool.java:1182) ~[?:?]
	at java.util.concurrent.ForkJoinPool.scan(ForkJoinPool.java:1655) ~[?:?]
	at java.util.concurrent.ForkJoinPool.runWorker(ForkJoinPool.java:1622) ~[?:?]
	at java.util.concurrent.ForkJoinWorkerThread.run(ForkJoinWorkerThread.java:165) ~[?:?]
[03May2026 03:23:35.475] [Worker-Main-3/INFO] [com.teampotato.redirector.Redirector/]: Redirecting ovh/corail/tombstone/loot/EnchantedEquipmentFunction$Type
[03May2026 03:23:35.479] [Worker-Main-3/ERROR] [net.minecraftforge.common.ForgeHooks/]: Couldn't parse element loot_tables:revampedpiles:blocks/retired_adventurer_portrait
com.google.gson.JsonSyntaxException: Expected name to be an item, was unknown string 'revampedpiles:retirer_adventurer_portrait'
	at net.minecraft.util.GsonHelper.m_13866_(GsonHelper.java:145) ~[server-1.20.1-20230612.114412-srg.jar%23189!/:?]
	at java.util.Optional.orElseThrow(Optional.java:403) ~[?:?]
	at net.minecraft.util.GsonHelper.m_13874_(GsonHelper.java:145) ~[server-1.20.1-20230612.114412-srg.jar%23189!/:?]
	at net.minecraft.util.GsonHelper.m_13909_(GsonHelper.java:153) ~[server-1.20.1-20230612.114412-srg.jar%23189!/:?]
	at net.minecraft.world.level.storage.loot.entries.LootItem$Serializer.m_7267_(LootItem.java:55) ~[server-1.20.1-20230612.114412-srg.jar%23189!/:?]
	at net.minecraft.world.level.storage.loot.entries.LootItem$Serializer.m_7267_(LootItem.java:40) ~[server-1.20.1-20230612.114412-srg.jar%23189!/:?]
	at net.minecraft.world.level.storage.loot.entries.LootPoolSingletonContainer$Serializer.m_5921_(LootPoolSingletonContainer.java:151) ~[server-1.20.1-20230612.114412-srg.jar%23189!/:?]
	at net.minecraft.world.level.storage.loot.entries.LootPoolSingletonContainer$Serializer.m_5921_(LootPoolSingletonContainer.java:129) ~[server-1.20.1-20230612.114412-srg.jar%23189!/:?]
	at net.minecraft.world.level.storage.loot.entries.LootPoolEntryContainer$Serializer.m_7561_(LootPoolEntryContainer.java:86) ~[server-1.20.1-20230612.114412-srg.jar%23189!/:?]
	at net.minecraft.world.level.storage.loot.entries.LootPoolEntryContainer$Serializer.m_7561_(LootPoolEntryContainer.java:74) ~[server-1.20.1-20230612.114412-srg.jar%23189!/:?]
	at net.minecraft.world.level.storage.loot.GsonAdapterFactory$JsonAdapter.deserialize(GsonAdapterFactory.java:102) ~[server-1.20.1-20230612.114412-srg.jar%23189!/:?]
	at com.google.gson.internal.bind.TreeTypeAdapter.read(TreeTypeAdapter.java:76) ~[gson-2.10.jar%2372!/:?]
	at com.google.gson.internal.bind.TypeAdapterRuntimeTypeWrapper.read(TypeAdapterRuntimeTypeWrapper.java:40) ~[gson-2.10.jar%2372!/:?]
	at com.google.gson.internal.bind.ArrayTypeAdapter.read(ArrayTypeAdapter.java:72) ~[gson-2.10.jar%2372!/:?]
	at com.google.gson.Gson.fromJson(Gson.java:1214) ~[gson-2.10.jar%2372!/:?]
	at com.google.gson.Gson.fromJson(Gson.java:1319) ~[gson-2.10.jar%2372!/:?]
	at com.google.gson.Gson.fromJson(Gson.java:1290) ~[gson-2.10.jar%2372!/:?]
	at com.google.gson.internal.bind.TreeTypeAdapter$GsonContextImpl.deserialize(TreeTypeAdapter.java:179) ~[gson-2.10.jar%2372!/:?]
	at net.minecraft.util.GsonHelper.m_13808_(GsonHelper.java:463) ~[server-1.20.1-20230612.114412-srg.jar%23189!/:?]
	at net.minecraft.util.GsonHelper.m_13836_(GsonHelper.java:471) ~[server-1.20.1-20230612.114412-srg.jar%23189!/:?]
	at net.minecraft.world.level.storage.loot.LootPool$Serializer.deserialize(LootPool.java:192) ~[server-1.20.1-20230612.114412-srg.jar%23189!/:?]
	at net.minecraft.world.level.storage.loot.LootPool$Serializer.deserialize(LootPool.java:189) ~[server-1.20.1-20230612.114412-srg.jar%23189!/:?]
	at com.google.gson.internal.bind.TreeTypeAdapter.read(TreeTypeAdapter.java:76) ~[gson-2.10.jar%2372!/:?]
	at com.google.gson.internal.bind.TypeAdapterRuntimeTypeWrapper.read(TypeAdapterRuntimeTypeWrapper.java:40) ~[gson-2.10.jar%2372!/:?]
	at com.google.gson.internal.bind.ArrayTypeAdapter.read(ArrayTypeAdapter.java:72) ~[gson-2.10.jar%2372!/:?]
	at com.google.gson.Gson.fromJson(Gson.java:1214) ~[gson-2.10.jar%2372!/:?]
	at com.google.gson.Gson.fromJson(Gson.java:1319) ~[gson-2.10.jar%2372!/:?]
	at com.google.gson.Gson.fromJson(Gson.java:1290) ~[gson-2.10.jar%2372!/:?]
	at com.google.gson.internal.bind.TreeTypeAdapter$GsonContextImpl.deserialize(TreeTypeAdapter.java:179) ~[gson-2.10.jar%2372!/:?]
	at net.minecraft.util.GsonHelper.m_13808_(GsonHelper.java:463) ~[server-1.20.1-20230612.114412-srg.jar%23189!/:?]
	at net.minecraft.util.GsonHelper.m_13845_(GsonHelper.java:481) ~[server-1.20.1-20230612.114412-srg.jar%23189!/:?]
	at net.minecraft.world.level.storage.loot.LootTable$Serializer.deserialize(LootTable.java:294) ~[server-1.20.1-20230612.114412-srg.jar%23189!/:?]
	at net.minecraft.world.level.storage.loot.LootTable$Serializer.deserialize(LootTable.java:291) ~[server-1.20.1-20230612.114412-srg.jar%23189!/:?]
	at com.google.gson.internal.bind.TreeTypeAdapter.read(TreeTypeAdapter.java:76) ~[gson-2.10.jar%2372!/:?]
	at com.google.gson.Gson.fromJson(Gson.java:1214) ~[gson-2.10.jar%2372!/:?]
	at com.google.gson.Gson.fromJson(Gson.java:1319) ~[gson-2.10.jar%2372!/:?]
	at com.google.gson.Gson.fromJson(Gson.java:1261) ~[gson-2.10.jar%2372!/:?]
	at net.minecraftforge.common.ForgeHooks.loadLootTable(ForgeHooks.java:871) ~[forge-1.20.1-47.3.7-universal.jar%23194!/:?]
	at net.minecraftforge.common.ForgeHooks.lambda$getLootTableDeserializer$3(ForgeHooks.java:848) ~[forge-1.20.1-47.3.7-universal.jar%23194!/:?]
	at net.minecraft.world.level.storage.loot.LootDataType.deserialize(LootDataType.java:45) ~[server-1.20.1-20230612.114412-srg.jar%23189!/:?]
	at net.minecraft.world.level.storage.loot.LootDataManager.lambda$scheduleElementParse$4(LootDataManager.java:56) ~[server-1.20.1-20230612.114412-srg.jar%23189!/:?]
	at java.util.HashMap.forEach(HashMap.java:1421) ~[?:?]
	at net.minecraft.world.level.storage.loot.LootDataManager.m_278660_(LootDataManager.java:55) ~[server-1.20.1-20230612.114412-srg.jar%23189!/:?]
	at java.util.concurrent.CompletableFuture$AsyncRun.run(CompletableFuture.java:1804) ~[?:?]
	at java.util.concurrent.CompletableFuture$AsyncRun.exec(CompletableFuture.java:1796) ~[?:?]
	at java.util.concurrent.ForkJoinTask.doExec(ForkJoinTask.java:373) ~[?:?]
	at java.util.concurrent.ForkJoinPool$WorkQueue.topLevelExec(ForkJoinPool.java:1182) ~[?:?]
	at java.util.concurrent.ForkJoinPool.scan(ForkJoinPool.java:1655) ~[?:?]
	at java.util.concurrent.ForkJoinPool.runWorker(ForkJoinPool.java:1622) ~[?:?]
	at java.util.concurrent.ForkJoinWorkerThread.run(ForkJoinWorkerThread.java:165) ~[?:?]
[03May2026 03:23:35.536] [main/WARN] [net.minecraft.world.level.storage.loot.LootDataManager/]: Found loot table element validation problem in {loot_tables:alexsmobs:gameplay/seal_reward}.pools[0].entries[0]->{minecraft:gameplay/fishing/junk}.pools[1].condition[1]: Parameters [<parameter minecraft:origin>] are not provided in this context
[03May2026 03:23:35.552] [main/ERROR] [net.minecraft.world.item.crafting.RecipeManager/]: Parsing error loading recipe revampedpiles:sand_bricks: com.google.gson.JsonSyntaxException: Pattern references symbol 'x' but it's not defined in the key
[03May2026 03:23:35.557] [main/ERROR] [net.minecraft.world.item.crafting.RecipeManager/]: Parsing error loading recipe revampedpiles:snow_bricks: com.google.gson.JsonSyntaxException: Pattern references symbol 'x' but it's not defined in the key
[03May2026 03:23:35.558] [main/ERROR] [net.minecraft.world.item.crafting.RecipeManager/]: Parsing error loading recipe revampedpiles:desert_cartographer_desk: com.google.gson.JsonSyntaxException: Invalid pattern: each row must be the same width
[03May2026 03:23:35.561] [main/ERROR] [net.minecraft.world.item.crafting.RecipeManager/]: Parsing error loading recipe revampedpiles:snowy_wooden_horse: com.google.gson.JsonSyntaxException: Unknown item 'revampedpiles:nowys_wooden_horse'
[03May2026 03:23:35.586] [main/INFO] [com.teampotato.redirector.Redirector/]: Redirecting net/minecraft/world/item/FireworkRocketItem$Shape
[03May2026 03:23:35.600] [main/ERROR] [net.minecraft.world.item.crafting.RecipeManager/]: Parsing error loading recipe revampedpiles:plains_cartographer_desk: com.google.gson.JsonSyntaxException: Invalid pattern: each row must be the same width
[03May2026 03:23:35.607] [main/INFO] [net.minecraft.world.item.crafting.RecipeManager/]: Loaded 8 recipes
[03May2026 03:23:35.616] [main/INFO] [com.teampotato.redirector.Redirector/]: Redirecting net/minecraft/advancements/FrameType
[03May2026 03:23:35.836] [main/INFO] [net.minecraft.advancements.AdvancementList/]: Loaded 2716 advancements
[03May2026 03:23:35.842] [main/INFO] [placebo/]: Registered 0 additional recipes.
[03May2026 03:23:35.860] [main/INFO] [top.theillusivec4.curios.Curios/]: Loaded 13 curio slots
[03May2026 03:23:35.864] [main/INFO] [top.theillusivec4.curios.Curios/]: Loaded 11 curio entities
[03May2026 03:23:35.865] [main/INFO] [placebo/]: Registered 0 gear_sets.
[03May2026 03:23:35.904] [main/INFO] [com.teampotato.redirector.Redirector/]: Redirecting net/minecraftforge/event/TagsUpdatedEvent$UpdateCause
[03May2026 03:23:35.907] [main/INFO] [com.teampotato.redirector.Redirector/]: Redirecting glitchcore/event/TagsUpdatedEvent$UpdateCause
[03May2026 03:23:35.910] [main/WARN] [ModernFix/]: Initial datapack load took 3.007 s
[03May2026 03:23:36.062] [Server thread/INFO] [net.minecraft.server.dedicated.DedicatedServer/]: Starting minecraft server version 1.20.1
[03May2026 03:23:36.062] [Server thread/INFO] [net.minecraft.server.dedicated.DedicatedServer/]: Loading properties
[03May2026 03:23:36.063] [Server thread/INFO] [net.minecraft.server.dedicated.DedicatedServer/]: Default game type: SURVIVAL
[03May2026 03:23:36.063] [Server thread/INFO] [net.minecraft.server.MinecraftServer/]: Generating keypair
[03May2026 03:23:36.255] [Server thread/INFO] [net.minecraft.server.dedicated.DedicatedServer/]: Starting Minecraft server on *:25565
[03May2026 03:23:36.287] [Server thread/INFO] [net.minecraft.server.network.ServerConnectionListener/]: Using epoll channel type
[03May2026 03:23:36.389] [Server thread/WARN] [net.minecraft.server.dedicated.DedicatedServer/]: **** SERVER IS RUNNING IN OFFLINE/INSECURE MODE!
[03May2026 03:23:36.389] [Server thread/WARN] [net.minecraft.server.dedicated.DedicatedServer/]: The server will make no attempt to authenticate usernames. Beware.
[03May2026 03:23:36.390] [Server thread/WARN] [net.minecraft.server.dedicated.DedicatedServer/]: While this makes the game possible to play without internet access, it also opens up the ability for hackers to connect with any username they choose.
[03May2026 03:23:36.390] [Server thread/WARN] [net.minecraft.server.dedicated.DedicatedServer/]: To change this, set "online-mode" to "true" in the server.properties file.
[03May2026 03:23:36.407] [Server thread/INFO] [journeymap/]: Loading JourneyMap Forge Configs
[03May2026 03:23:36.575] [Server thread/INFO] [com.teampotato.redirector.Redirector/]: Redirecting net/minecraftforge/common/world/StructureModifier$Phase
[03May2026 03:23:36.609] [Server thread/INFO] [net.minecraft.server.dedicated.DedicatedServer/]: Preparing level "world"
[03May2026 03:23:36.614] [Server thread/INFO] [com.teampotato.redirector.Redirector/]: Redirecting net/minecraft/util/ModCheck$Confidence
[03May2026 03:23:36.652] [Server thread/INFO] [com.teampotato.redirector.Redirector/]: Redirecting net/minecraft/world/entity/ai/village/VillageSiege$State
[03May2026 03:23:36.669] [Server thread/INFO] [com.teampotato.redirector.Redirector/]: Redirecting net/minecraft/world/ticks/TickPriority
[03May2026 03:23:36.682] [Server thread/INFO] [com.teampotato.redirector.Redirector/]: Redirecting net/minecraft/world/level/chunk/storage/IOWorker$Priority
[03May2026 03:23:36.693] [Server thread/INFO] [com.teampotato.redirector.Redirector/]: Redirecting net/minecraft/world/level/entity/Visibility
[03May2026 03:23:36.694] [Server thread/INFO] [com.teampotato.redirector.Redirector/]: Redirecting net/minecraft/world/level/entity/PersistentEntitySectionManager$ChunkLoadStatus
[03May2026 03:23:36.703] [Server thread/INFO] [com.teampotato.redirector.Redirector/]: Redirecting net/minecraft/server/level/FullChunkStatus
[03May2026 03:23:36.755] [Server thread/INFO] [com.teampotato.redirector.Redirector/]: Redirecting net/minecraft/world/level/levelgen/WorldgenRandom$Algorithm
[03May2026 03:23:36.925] [Server thread/INFO] [com.teampotato.redirector.Redirector/]: Redirecting net/minecraft/world/level/LightLayer
[03May2026 03:23:36.978] [Server thread/INFO] [com.teampotato.redirector.Redirector/]: Redirecting ovh/corail/tombstone/spawner/CustomVillageSiege$SiegeState
[03May2026 03:23:36.979] [Server thread/INFO] [com.teampotato.redirector.Redirector/]: Redirecting ovh/corail/tombstone/helper/TamableType
[03May2026 03:23:37.016] [Server thread/INFO] [com.teampotato.redirector.Redirector/]: Redirecting net/minecraft/world/entity/ai/control/MoveControl$Operation
[03May2026 03:23:37.023] [Server thread/INFO] [com.teampotato.redirector.Redirector/]: Redirecting com/github/alexthe666/citadel/server/entity/pathfinding/raycoms/AdvancedPathNavigate$MovementType
[03May2026 03:23:37.034] [Server thread/INFO] [com.teampotato.redirector.Redirector/]: Redirecting net/minecraft/world/entity/projectile/AbstractArrow$Pickup
[03May2026 03:23:37.055] [Server thread/INFO] [com.teampotato.redirector.Redirector/]: Redirecting net/minecraft/world/BossEvent$BossBarColor
[03May2026 03:23:37.056] [Server thread/INFO] [com.teampotato.redirector.Redirector/]: Redirecting net/minecraft/world/BossEvent$BossBarOverlay
[03May2026 03:23:37.057] [Server thread/INFO] [com.teampotato.redirector.Redirector/]: Redirecting net/minecraft/network/protocol/game/ClientboundBossEventPacket$OperationType
[03May2026 03:23:37.060] [Server thread/INFO] [com.teampotato.redirector.Redirector/]: Redirecting com/github/alexmodguy/alexscaves/server/entity/living/MagnetronEntity$AttackPose
[03May2026 03:23:37.070] [Server thread/INFO] [com.teampotato.redirector.Redirector/]: Redirecting net/minecraft/world/level/Explosion$BlockInteraction
[03May2026 03:23:37.077] [Server thread/INFO] [com.teampotato.redirector.Redirector/]: Redirecting com/github/alexthe666/alexsmobs/entity/util/AnacondaPartIndex
[03May2026 03:23:37.107] [Server thread/INFO] [com.teampotato.redirector.Redirector/]: Redirecting com/github/alexthe666/alexsmobs/entity/EntityMimicOctopus$MimicState
[03May2026 03:23:37.126] [Server thread/INFO] [com.teampotato.redirector.Redirector/]: Redirecting com/github/alexthe666/alexsmobs/entity/EntityVoidWorm$AttackMode
[03May2026 03:23:37.131] [Server thread/INFO] [com.teampotato.redirector.Redirector/]: Redirecting com/github/alexthe666/iceandfire/entity/EntityAmphithere$FlightBehavior
[03May2026 03:23:37.142] [Server thread/INFO] [com.teampotato.redirector.Redirector/]: Redirecting com/github/alexthe666/iceandfire/pathfinding/raycoms/AdvancedPathNavigate$MovementType
[03May2026 03:23:37.157] [Server thread/INFO] [com.teampotato.redirector.Redirector/]: Redirecting com/github/alexthe666/iceandfire/entity/IafDragonAttacks$Air
[03May2026 03:23:37.158] [Server thread/INFO] [com.teampotato.redirector.Redirector/]: Redirecting com/github/alexthe666/iceandfire/entity/IafDragonAttacks$Ground
[03May2026 03:23:37.167] [Server thread/INFO] [com.teampotato.redirector.Redirector/]: Redirecting com/github/alexthe666/iceandfire/entity/ai/MyrmexAIReEnterHive$Phases
[03May2026 03:23:37.180] [Server thread/INFO] [com.teampotato.redirector.Redirector/]: Redirecting net/minecraft/world/entity/ai/behavior/Behavior$Status
[03May2026 03:23:37.182] [Server thread/INFO] [com.teampotato.redirector.Redirector/]: Redirecting net/minecraft/world/entity/ai/memory/MemoryStatus
[03May2026 03:23:37.202] [Server thread/INFO] [com.teampotato.redirector.Redirector/]: Redirecting net/minecraft/world/entity/ai/behavior/GateBehavior$OrderPolicy
[03May2026 03:23:37.204] [Server thread/INFO] [com.teampotato.redirector.Redirector/]: Redirecting net/minecraft/world/entity/ai/behavior/GateBehavior$RunningPolicy
[03May2026 03:23:37.234] [Server thread/INFO] [com.teampotato.redirector.Redirector/]: Redirecting net/minecraft/world/entity/Display$BillboardConstraints
[03May2026 03:23:37.258] [Server thread/INFO] [com.teampotato.redirector.Redirector/]: Redirecting net/minecraft/world/entity/monster/SpellcasterIllager$IllagerSpell
[03May2026 03:23:37.260] [Server thread/INFO] [com.teampotato.redirector.Redirector/]: Redirecting net/minecraft/world/entity/projectile/FishingHook$FishHookState
[03May2026 03:23:37.272] [Server thread/INFO] [com.teampotato.redirector.Redirector/]: Redirecting net/minecraft/world/entity/animal/frog/ShootTongue$State
[03May2026 03:23:37.293] [Server thread/INFO] [com.teampotato.redirector.Redirector/]: Redirecting net/minecraft/world/entity/monster/Phantom$AttackPhase
[03May2026 03:23:37.314] [Server thread/INFO] [com.teampotato.redirector.Redirector/]: Redirecting net/minecraft/world/entity/ai/behavior/CrossbowAttack$CrossbowState
[03May2026 03:23:37.325] [Server thread/INFO] [com.teampotato.redirector.Redirector/]: Redirecting net/minecraft/world/entity/ai/goal/RangedCrossbowAttackGoal$CrossbowState
[03May2026 03:23:37.418] [Server thread/INFO] [com.teampotato.redirector.Redirector/]: Redirecting net/minecraft/world/level/lighting/LayerLightEventListener$DummyLightLayerEventListener
[03May2026 03:23:37.435] [Server thread/INFO] [net.minecraft.server.MinecraftServer/]: Preparing start region for dimension minecraft:overworld
[03May2026 03:23:37.659] [Server thread/INFO] [com.teampotato.redirector.Redirector/]: Redirecting net/minecraft/world/level/EmptyBlockGetter
[03May2026 03:23:37.660] [Server thread/INFO] [com.teampotato.redirector.Redirector/]: Redirecting net/minecraft/core/Direction8
[03May2026 03:23:37.699] [Server thread/INFO] [com.teampotato.redirector.Redirector/]: Redirecting ca/spottedleaf/starlight/common/light/StarLightEngine$AxisDirection
[03May2026 03:23:37.985] [Server thread/INFO] [com.teampotato.redirector.Redirector/]: Redirecting net/minecraft/world/level/block/SupportType
[03May2026 03:23:37.993] [Server thread/INFO] [com.teampotato.redirector.Redirector/]: Redirecting net/minecraft/core/AxisCycle
[03May2026 03:23:38.239] [Server thread/INFO] [com.teampotato.redirector.Redirector/]: Redirecting net/minecraft/world/entity/ai/village/poi/PoiManager$Occupancy
[03May2026 03:23:38.730] [Server thread/INFO] [net.minecraft.server.level.progress.LoggerChunkProgressListener/]: Preparing spawn area: 0%
[03May2026 03:23:38.731] [Server thread/INFO] [net.minecraft.server.level.progress.LoggerChunkProgressListener/]: Preparing spawn area: 0%
[03May2026 03:23:38.731] [Server thread/INFO] [net.minecraft.server.level.progress.LoggerChunkProgressListener/]: Preparing spawn area: 0%
[03May2026 03:23:38.942] [Server thread/INFO] [net.minecraft.server.level.progress.LoggerChunkProgressListener/]: Preparing spawn area: 6%
[03May2026 03:23:39.438] [Server thread/INFO] [net.minecraft.server.level.progress.LoggerChunkProgressListener/]: Preparing spawn area: 48%
[03May2026 03:23:39.703] [Server thread/INFO] [com.teampotato.redirector.Redirector/]: Redirecting ovh/corail/tombstone/capability/ServantEntityImpl$CasterType
[03May2026 03:23:39.718] [Server thread/INFO] [net.minecraft.server.level.progress.LoggerChunkProgressListener/]: Time elapsed: 2283 ms
[03May2026 03:23:39.718] [Server thread/INFO] [net.minecraft.server.dedicated.DedicatedServer/]: Done (3.315s)! For help, type "help"
[03May2026 03:23:39.764] [Server thread/INFO] [net.minecraftforge.server.permission.PermissionAPI/]: Successfully initialized permission handler forge:default_handler
[03May2026 03:23:39.771] [Server thread/INFO] [com.teampotato.redirector.Redirector/]: Redirecting journeymap/common/properties/ServerOption
[03May2026 03:23:39.775] [Server thread/INFO] [com.teampotato.redirector.Redirector/]: Redirecting journeymap/common/properties/PropertiesBase$State
[03May2026 03:23:39.804] [Server thread/INFO] [com.github.alexthe666.iceandfire.IceAndFire/]: {iceandfire:fire_dragon_roost=true, iceandfire:fire_lily=true, iceandfire:spawn_dragon_skeleton_fire=true, iceandfire:lightning_dragon_roost=true, iceandfire:spawn_dragon_skeleton_lightning=true, iceandfire:ice_dragon_roost=true, iceandfire:ice_dragon_cave=true, iceandfire:lightning_dragon_cave=true, iceandfire:cyclops_cave=true, iceandfire:spawn_wandering_cyclops=true, iceandfire:spawn_sea_serpent=true, iceandfire:frost_lily=true, iceandfire:hydra_cave=true, iceandfire:lightning_lily=true, iceandfire:pixie_village=true, iceandfire:myrmex_hive_jungle=true, iceandfire:myrmex_hive_desert=true, iceandfire:silver_ore=true, iceandfire:siren_island=true, iceandfire:spawn_dragon_skeleton_ice=true, iceandfire:spawn_stymphalian_bird=true, iceandfire:fire_dragon_cave=true, iceandfire:sapphire_ore=true, iceandfire:spawn_hippocampus=true, iceandfire:spawn_death_worm=true}
[03May2026 03:23:39.804] [Server thread/INFO] [com.github.alexthe666.iceandfire.IceAndFire/]: {TROLL_S=true, HIPPOGRYPH=true, AMPHITHERE=true, COCKATRICE=true, TROLL_M=true, DREAD_LICH=true, TROLL_F=true}
[03May2026 03:23:39.805] [Server thread/INFO] [com.cupboard.Cupboard/]: Loaded config for: smoothchunk.json
[03May2026 03:23:39.806] [Server thread/WARN] [ModernFix/]: Dedicated server took 27.511 seconds to load
[03May2026 03:23:39.845] [Server thread/INFO] [com.teampotato.redirector.Redirector/]: Redirecting glitchcore/event/TickEvent$Phase
[03May2026 03:23:39.895] [Server thread/INFO] [com.teampotato.redirector.Redirector/]: Redirecting com/blackgear/platform/core/util/event/CancellableResult
[03May2026 03:23:39.959] [Server thread/INFO] [com.teampotato.redirector.Redirector/]: Redirecting net/minecraft/world/entity/MoverType
[03May2026 03:23:39.960] [Server thread/INFO] [com.teampotato.redirector.Redirector/]: Redirecting net/minecraft/util/AbortableIterationConsumer$Continuation
[03May2026 03:23:39.965] [Server thread/INFO] [com.teampotato.redirector.Redirector/]: Redirecting net/minecraft/world/entity/Entity$MovementEmission
[03May2026 03:23:39.966] [Server thread/INFO] [com.teampotato.redirector.Redirector/]: Redirecting net/minecraft/world/scores/Team$CollisionRule
[03May2026 03:23:39.972] [Server thread/INFO] [com.teampotato.redirector.Redirector/]: Redirecting net/minecraft/world/level/ClipContext$Block
[03May2026 03:23:39.974] [Server thread/INFO] [com.teampotato.redirector.Redirector/]: Redirecting net/minecraft/world/phys/HitResult$Type
[03May2026 03:23:40.020] [Server thread/INFO] [com.teampotato.redirector.Redirector/]: Redirecting net/minecraft/util/profiling/metrics/MetricCategory
[03May2026 03:23:40.857] [Server thread/INFO] [com.teampotato.redirector.Redirector/]: Redirecting sereneseasons/api/season/Season$TropicalSeason
[03May2026 03:25:55.316] [Netty Epoll Server IO #1/INFO] [com.teampotato.redirector.Redirector/]: Redirecting net/minecraft/network/protocol/PacketFlow
[03May2026 03:25:55.330] [Netty Epoll Server IO #1/INFO] [com.teampotato.redirector.Redirector/]: Redirecting net/minecraft/network/ConnectionProtocol
[03May2026 03:25:55.348] [Netty Epoll Server IO #1/INFO] [com.teampotato.redirector.Redirector/]: Redirecting net/minecraft/network/protocol/game/ClientboundCustomChatCompletionsPacket$Action
[03May2026 03:25:55.366] [Netty Epoll Server IO #1/INFO] [com.teampotato.redirector.Redirector/]: Redirecting net/minecraft/network/protocol/game/ClientboundRecipePacket$State
[03May2026 03:25:55.379] [Netty Epoll Server IO #1/INFO] [com.teampotato.redirector.Redirector/]: Redirecting net/minecraft/server/ServerScoreboard$Method
[03May2026 03:25:55.394] [Netty Epoll Server IO #1/INFO] [com.teampotato.redirector.Redirector/]: Redirecting net/minecraft/network/protocol/game/ServerboundClientCommandPacket$Action
[03May2026 03:25:55.395] [Netty Epoll Server IO #1/INFO] [com.teampotato.redirector.Redirector/]: Redirecting net/minecraft/world/entity/player/ChatVisiblity
[03May2026 03:25:55.396] [Netty Epoll Server IO #1/INFO] [com.teampotato.redirector.Redirector/]: Redirecting net/minecraft/world/entity/HumanoidArm
[03May2026 03:25:55.399] [Netty Epoll Server IO #1/INFO] [com.teampotato.redirector.Redirector/]: Redirecting net/minecraft/world/inventory/ClickType
[03May2026 03:25:55.403] [Netty Epoll Server IO #1/INFO] [com.teampotato.redirector.Redirector/]: Redirecting net/minecraft/network/protocol/game/ServerboundInteractPacket$ActionType
[03May2026 03:25:55.412] [Netty Epoll Server IO #1/INFO] [com.teampotato.redirector.Redirector/]: Redirecting net/minecraft/network/protocol/game/ServerboundPlayerActionPacket$Action
[03May2026 03:25:55.413] [Netty Epoll Server IO #1/INFO] [com.teampotato.redirector.Redirector/]: Redirecting net/minecraft/network/protocol/game/ServerboundPlayerCommandPacket$Action
[03May2026 03:25:55.415] [Netty Epoll Server IO #1/INFO] [com.teampotato.redirector.Redirector/]: Redirecting net/minecraft/world/inventory/RecipeBookType
[03May2026 03:25:55.419] [Netty Epoll Server IO #1/INFO] [com.teampotato.redirector.Redirector/]: Redirecting net/minecraft/network/protocol/game/ServerboundResourcePackPacket$Action
[03May2026 03:25:55.420] [Netty Epoll Server IO #1/INFO] [com.teampotato.redirector.Redirector/]: Redirecting net/minecraft/network/protocol/game/ServerboundSeenAdvancementsPacket$Action
[03May2026 03:25:55.423] [Netty Epoll Server IO #1/INFO] [com.teampotato.redirector.Redirector/]: Redirecting net/minecraft/world/level/block/entity/CommandBlockEntity$Mode
[03May2026 03:25:55.426] [Netty Epoll Server IO #1/INFO] [com.teampotato.redirector.Redirector/]: Redirecting net/minecraft/world/level/block/entity/StructureBlockEntity$UpdateType
[03May2026 03:25:55.457] [Netty Epoll Server IO #1/INFO] [com.teampotato.redirector.Redirector/]: Redirecting net/minecraftforge/network/ConnectionType
[03May2026 03:25:55.510] [Netty Epoll Server IO #1/INFO] [com.teampotato.redirector.Redirector/]: Redirecting net/minecraft/server/network/ServerLoginPacketListenerImpl$State
[03May2026 03:25:57.308] [Server thread/WARN] [net.minecraft.network.syncher.SynchedEntityData/]: defineId called for: class net.minecraft.world.entity.player.Player from class tschipp.carryon.common.carry.CarryOnDataManager
[03May2026 03:25:57.480] [Server thread/INFO] [com.teampotato.redirector.Redirector/]: Redirecting tschipp/carryon/common/carry/CarryOnData$CarryType
[03May2026 03:25:57.483] [Server thread/INFO] [net.minecraft.server.players.PlayerList/]: Sl44tx[/127.243.247.106:49177] logged in with entity id 612 at (-1502.9659108211379, 63.0, 528.839233124991)
[03May2026 03:25:57.491] [Server thread/INFO] [com.teampotato.redirector.Redirector/]: Redirecting net/minecraftforge/network/filters/VanillaPacketSplitter$RemoteCompatibility
[03May2026 03:25:57.536] [Server thread/INFO] [ModernFix/]: Using enhanced recipe sync for player Sl44tx
[03May2026 03:25:57.554] [Server thread/INFO] [net.minecraft.server.MinecraftServer/]: Sl44tx joined the game
[03May2026 03:25:57.555] [Server thread/INFO] [com.teampotato.redirector.Redirector/]: Redirecting net/minecraft/world/entity/RelativeMovement
[03May2026 03:25:57.608] [Server thread/INFO] [Jade/]: Syncing config to Sl44tx (9caffe1c-1bc4-3d58-8bfe-120090bc2848)
[03May2026 03:25:57.621] [Server thread/INFO] [com.teampotato.redirector.Redirector/]: Redirecting ovh/corail/tombstone/helper/CooldownHandler$CooldownType
[03May2026 03:25:57.697] [Server thread/INFO] [com.teampotato.redirector.Redirector/]: Redirecting net/minecraft/server/advancements/AdvancementVisibilityEvaluator$VisibilityRule
[03May2026 03:25:57.724] [Server thread/INFO] [com.teampotato.redirector.Redirector/]: Redirecting be/florens/expandability/EventResult
[03May2026 03:25:58.481] [Server thread/INFO] [com.teampotato.redirector.Redirector/]: Redirecting net/minecraft/world/entity/Entity$RemovalReason
[03May2026 03:25:58.898] [Server thread/INFO] [com.teampotato.redirector.Redirector/]: Redirecting com/github/alexthe666/citadel/animation/AnimationHandler
[03May2026 03:25:58.908] [Server thread/INFO] [com.teampotato.redirector.Redirector/]: Redirecting com/github/teamfusion/rottencreatures/common/level/entities/living/undeadminer/UndeadMiner$Variant
[03May2026 03:25:59.764] [Server thread/INFO] [com.teampotato.redirector.Redirector/]: Redirecting com/github/alexthe666/alexsmobs/entity/util/TerrapinTypes
[03May2026 03:25:59.861] [Server thread/INFO] [com.teampotato.redirector.Redirector/]: Redirecting com/github/alexthe666/citadel/server/entity/pathfinding/raycoms/PathFindingStatus
[03May2026 03:25:59.862] [Server thread/INFO] [com.teampotato.redirector.Redirector/]: Redirecting com/github/alexthe666/citadel/server/entity/pathfinding/raycoms/AbstractAdvancedPathNavigate$RestrictionType
[03May2026 03:25:59.868] [Citadel Pathfinding Worker #0/INFO] [com.teampotato.redirector.Redirector/]: Redirecting com/github/alexthe666/citadel/server/entity/pathfinding/raycoms/SurfaceType
[03May2026 03:25:59.945] [Server thread/INFO] [com.teampotato.redirector.Redirector/]: Redirecting com/github/alexthe666/iceandfire/enums/EnumBestiaryPages
[03May2026 03:26:00.185] [Server thread/INFO] [com.teampotato.redirector.Redirector/]: Redirecting net/minecraftforge/event/entity/living/LivingChangeTargetEvent$LivingTargetType
[03May2026 03:26:00.277] [Server thread/INFO] [com.teampotato.redirector.Redirector/]: Redirecting net/p3pp3rf1y/sophisticatedcore/renderdata/TankPosition
[03May2026 03:26:00.626] [Server thread/INFO] [com.teampotato.redirector.Redirector/]: Redirecting com/github/alexthe666/iceandfire/pathfinding/raycoms/PathFindingStatus
[03May2026 03:26:00.626] [Server thread/INFO] [com.teampotato.redirector.Redirector/]: Redirecting com/github/alexthe666/iceandfire/pathfinding/raycoms/AbstractAdvancedPathNavigate$RestrictionType
[03May2026 03:26:00.632] [Ice and Fire Pathfinding Worker #0/INFO] [com.teampotato.redirector.Redirector/]: Redirecting com/github/alexthe666/iceandfire/pathfinding/raycoms/SurfaceType
[03May2026 03:26:00.919] [Server thread/WARN] [tombstone/]: The death event of the player Sl44tx was canceled by another mod
[03May2026 03:26:00.952] [Server thread/INFO] [tombstone/]: The player Sl44tx has successfully been saved
[03May2026 03:26:01.200] [Server thread/INFO] [com.teampotato.redirector.Redirector/]: Redirecting journeymap/common/network/data/Side
[03May2026 03:26:01.274] [Netty Epoll Server IO #1/INFO] [com.teampotato.redirector.Redirector/]: Redirecting net/minecraftforge/network/NetworkEvent$RegistrationChangeType
[03May2026 03:26:01.998] [Server thread/INFO] [com.teampotato.redirector.Redirector/]: Redirecting net/minecraft/world/entity/ai/gossip/GossipType
[03May2026 03:26:02.384] [Server thread/INFO] [com.teampotato.redirector.Redirector/]: Redirecting net/minecraft/world/level/chunk/LevelChunk$EntityCreationType
[03May2026 03:26:06.879] [Server thread/INFO] [com.teampotato.redirector.Redirector/]: Redirecting net/minecraft/world/level/block/RenderShape
[03May2026 03:26:10.819] [Server thread/INFO] [com.teampotato.redirector.Redirector/]: Redirecting net/minecraftforge/event/entity/ProjectileImpactEvent$ImpactResult
[03May2026 03:26:32.171] [Server thread/INFO] [net.minecraft.server.MinecraftServer/]: Sl44tx was slain by Ice Dragon
[03May2026 03:26:32.177] [Server thread/INFO] [com.tiviacz.travelersbackpack.TravelersBackpack/]: Created new backpack backup file for Sl44tx with unique ID travelersbackpack.standard_03.05.2026-03.26.32.dat
[03May2026 03:26:32.182] [Server thread/INFO] [com.teampotato.redirector.Redirector/]: Redirecting ovh/corail/tombstone/helper/SpawnHelper$SpawnResult
[03May2026 03:27:41.318] [Server thread/INFO] [com.teampotato.redirector.Redirector/]: Redirecting net/minecraft/world/level/block/entity/BeehiveBlockEntity$BeeReleaseStatus
[03May2026 03:29:20.883] [Server thread/INFO] [com.teampotato.redirector.Redirector/]: Redirecting fr/rakambda/fallingtree/common/tree/AbortedResult
[03May2026 03:29:38.027] [Worker-Main-3/INFO] [com.teampotato.redirector.Redirector/]: Redirecting net/minecraft/world/level/levelgen/OreVeinifier$VeinType
[03May2026 03:29:39.128] [Worker-Main-11/INFO] [citadel/]: merged 6 surface rules with vanilla rule SequenceRuleSource
[03May2026 03:29:39.847] [Worker-Main-10/INFO] [com.teampotato.redirector.Redirector/]: Redirecting com/github/alexthe666/iceandfire/world/IafWorldData$FeatureType
[03May2026 03:30:51.872] [Server thread/INFO] [com.teampotato.redirector.Redirector/]: Redirecting ovh/corail/tombstone/item/ItemCastableMagic$CastingTarget
[03May2026 03:30:58.667] [Server thread/INFO] [com.teampotato.redirector.Redirector/]: Redirecting net/minecraftforge/event/entity/player/AdvancementEvent$AdvancementProgressEvent$ProgressType
[03May2026 03:31:20.156] [Worker-Main-11/INFO] [com.teampotato.redirector.Redirector/]: Redirecting com/github/alexthe666/iceandfire/enums/EnumHippogryphTypes
[03May2026 03:34:44.916] [Server thread/INFO] [com.teampotato.redirector.Redirector/]: Redirecting net/minecraftforge/fluids/capability/IFluidHandler$FluidAction
[03May2026 03:34:54.347] [Server thread/INFO] [com.teampotato.redirector.Redirector/]: Redirecting net/minecraft/world/inventory/ClickAction
[03May2026 03:35:06.162] [Server thread/INFO] [com.teampotato.redirector.Redirector/]: Redirecting net/minecraft/world/item/UseAnim
[03May2026 03:35:28.010] [Server thread/WARN] [tombstone/]: The death event of the player Sl44tx was canceled by another mod
[03May2026 03:35:28.017] [Server thread/INFO] [tombstone/]: The player Sl44tx has successfully been saved
[03May2026 03:35:35.513] [Server thread/INFO] [net.minecraft.server.MinecraftServer/]: Sl44tx was slain by Ice Dragon
[03May2026 03:35:35.516] [Server thread/INFO] [com.tiviacz.travelersbackpack.TravelersBackpack/]: Created new backpack backup file for Sl44tx with unique ID travelersbackpack.standard_03.05.2026-03.35.35.dat
[03May2026 03:46:28.612] [Server thread/INFO] [com.teampotato.redirector.Redirector/]: Redirecting net/minecraft/world/level/Level$ExplosionInteraction
[03May2026 03:53:45.365] [Server thread/INFO] [com.teampotato.redirector.Redirector/]: Redirecting net/minecraft/world/entity/animal/IronGolem$Crackiness
[03May2026 03:53:50.347] [Server thread/INFO] [com.teampotato.redirector.Redirector/]: Redirecting net/minecraft/world/level/block/DoubleBlockCombiner$BlockType
[03May2026 03:53:52.833] [Server thread/INFO] [net.minecraft.server.MinecraftServer/]: Sl44tx has made the advancement [Amateur Archaeologist]
[03May2026 03:54:10.720] [Server thread/INFO] [com.teampotato.redirector.Redirector/]: Redirecting net/p3pp3rf1y/sophisticatedcore/renderdata/DisplaySide
